row_index,column_name,value,verdict,reason,action
87,age,78.0,Likely Real,age=78.00 (IQR bounds: 8.50-68.50),flagged
291,age,97.0,Uncertain,age=97.00 (IQR bounds: 8.50-68.50),flagged
304,age,97.0,Uncertain,age=97.00 (IQR bounds: 8.50-68.50),flagged
334,age,74.0,Likely Real,age=74.00 (IQR bounds: 8.50-68.50),flagged
412,age,69.0,Likely Real,age=69.00 (IQR bounds: 8.50-68.50),flagged
459,age,75.0,Likely Real,age=75.00 (IQR bounds: 8.50-68.50),flagged
722,age,8.0,Likely Real,age=8.00 (IQR bounds: 8.50-68.50),flagged
910,age,78.0,Likely Real,age=78.00 (IQR bounds: 8.50-68.50),flagged
925,age,104.0,Uncertain,age=104.00 (IQR bounds: 8.50-68.50),flagged
969,age,72.0,Likely Real,age=72.00 (IQR bounds: 8.50-68.50),flagged
1008,age,8.0,Likely Real,age=8.00 (IQR bounds: 8.50-68.50),flagged
1308,age,71.0,Likely Real,age=71.00 (IQR bounds: 8.50-68.50),flagged
1333,age,104.0,Uncertain,age=104.00 (IQR bounds: 8.50-68.50),flagged
1404,age,104.0,Uncertain,age=104.00 (IQR bounds: 8.50-68.50),flagged
52,account_tenure_days,700.0,Likely Real,account_tenure_days=700.00 (IQR bounds: -184.50-699.50),flagged
93,account_tenure_days,996.0,Likely Real,account_tenure_days=996.00 (IQR bounds: -184.50-699.50),flagged
199,account_tenure_days,736.0,Likely Real,account_tenure_days=736.00 (IQR bounds: -184.50-699.50),flagged
216,account_tenure_days,703.0,Likely Real,account_tenure_days=703.00 (IQR bounds: -184.50-699.50),flagged
231,account_tenure_days,1102.0,Likely Real,account_tenure_days=1102.00 (IQR bounds: -184.50-699.50),flagged
271,account_tenure_days,960.0,Likely Real,account_tenure_days=960.00 (IQR bounds: -184.50-699.50),flagged
334,account_tenure_days,899.0,Likely Real,account_tenure_days=899.00 (IQR bounds: -184.50-699.50),flagged
360,account_tenure_days,760.0,Likely Real,account_tenure_days=760.00 (IQR bounds: -184.50-699.50),flagged
364,account_tenure_days,866.0,Likely Real,account_tenure_days=866.00 (IQR bounds: -184.50-699.50),flagged
406,account_tenure_days,841.0,Likely Real,account_tenure_days=841.00 (IQR bounds: -184.50-699.50),flagged
411,account_tenure_days,760.0,Likely Real,account_tenure_days=760.00 (IQR bounds: -184.50-699.50),flagged
434,account_tenure_days,935.0,Likely Real,account_tenure_days=935.00 (IQR bounds: -184.50-699.50),flagged
492,account_tenure_days,826.0,Likely Real,account_tenure_days=826.00 (IQR bounds: -184.50-699.50),flagged
521,account_tenure_days,774.0,Likely Real,account_tenure_days=774.00 (IQR bounds: -184.50-699.50),flagged
535,account_tenure_days,725.0,Likely Real,account_tenure_days=725.00 (IQR bounds: -184.50-699.50),flagged
556,account_tenure_days,732.0,Likely Real,account_tenure_days=732.00 (IQR bounds: -184.50-699.50),flagged
589,account_tenure_days,785.0,Likely Real,account_tenure_days=785.00 (IQR bounds: -184.50-699.50),flagged
590,account_tenure_days,735.0,Likely Real,account_tenure_days=735.00 (IQR bounds: -184.50-699.50),flagged
610,account_tenure_days,747.0,Likely Real,account_tenure_days=747.00 (IQR bounds: -184.50-699.50),flagged
613,account_tenure_days,838.0,Likely Real,account_tenure_days=838.00 (IQR bounds: -184.50-699.50),flagged
662,account_tenure_days,802.0,Likely Real,account_tenure_days=802.00 (IQR bounds: -184.50-699.50),flagged
676,account_tenure_days,850.0,Likely Real,account_tenure_days=850.00 (IQR bounds: -184.50-699.50),flagged
693,account_tenure_days,928.0,Likely Real,account_tenure_days=928.00 (IQR bounds: -184.50-699.50),flagged
697,account_tenure_days,813.0,Likely Real,account_tenure_days=813.00 (IQR bounds: -184.50-699.50),flagged
780,account_tenure_days,803.0,Likely Real,account_tenure_days=803.00 (IQR bounds: -184.50-699.50),flagged
809,account_tenure_days,740.0,Likely Real,account_tenure_days=740.00 (IQR bounds: -184.50-699.50),flagged
876,account_tenure_days,1085.0,Likely Real,account_tenure_days=1085.00 (IQR bounds: -184.50-699.50),flagged
883,account_tenure_days,835.0,Likely Real,account_tenure_days=835.00 (IQR bounds: -184.50-699.50),flagged
934,account_tenure_days,710.0,Likely Real,account_tenure_days=710.00 (IQR bounds: -184.50-699.50),flagged
951,account_tenure_days,714.0,Likely Real,account_tenure_days=714.00 (IQR bounds: -184.50-699.50),flagged
971,account_tenure_days,700.0,Likely Real,account_tenure_days=700.00 (IQR bounds: -184.50-699.50),flagged
997,account_tenure_days,800.0,Likely Real,account_tenure_days=800.00 (IQR bounds: -184.50-699.50),flagged
1028,account_tenure_days,734.0,Likely Real,account_tenure_days=734.00 (IQR bounds: -184.50-699.50),flagged
1051,account_tenure_days,804.0,Likely Real,account_tenure_days=804.00 (IQR bounds: -184.50-699.50),flagged
1054,account_tenure_days,761.0,Likely Real,account_tenure_days=761.00 (IQR bounds: -184.50-699.50),flagged
1065,account_tenure_days,836.0,Likely Real,account_tenure_days=836.00 (IQR bounds: -184.50-699.50),flagged
1090,account_tenure_days,1022.0,Likely Real,account_tenure_days=1022.00 (IQR bounds: -184.50-699.50),flagged
1095,account_tenure_days,906.0,Likely Real,account_tenure_days=906.00 (IQR bounds: -184.50-699.50),flagged
1109,account_tenure_days,817.0,Likely Real,account_tenure_days=817.00 (IQR bounds: -184.50-699.50),flagged
1117,account_tenure_days,846.0,Likely Real,account_tenure_days=846.00 (IQR bounds: -184.50-699.50),flagged
1126,account_tenure_days,1051.0,Likely Real,account_tenure_days=1051.00 (IQR bounds: -184.50-699.50),flagged
1131,account_tenure_days,971.0,Likely Real,account_tenure_days=971.00 (IQR bounds: -184.50-699.50),flagged
1169,account_tenure_days,896.0,Likely Real,account_tenure_days=896.00 (IQR bounds: -184.50-699.50),flagged
1327,account_tenure_days,835.0,Likely Real,account_tenure_days=835.00 (IQR bounds: -184.50-699.50),flagged
1341,account_tenure_days,712.0,Likely Real,account_tenure_days=712.00 (IQR bounds: -184.50-699.50),flagged
1433,account_tenure_days,768.0,Likely Real,account_tenure_days=768.00 (IQR bounds: -184.50-699.50),flagged
1442,account_tenure_days,710.0,Likely Real,account_tenure_days=710.00 (IQR bounds: -184.50-699.50),flagged
1447,account_tenure_days,832.0,Likely Real,account_tenure_days=832.00 (IQR bounds: -184.50-699.50),flagged
1475,account_tenure_days,746.0,Likely Real,account_tenure_days=746.00 (IQR bounds: -184.50-699.50),flagged
1508,account_tenure_days,1224.0,Likely Real,account_tenure_days=1224.00 (IQR bounds: -184.50-699.50),flagged
1581,account_tenure_days,816.0,Likely Real,account_tenure_days=816.00 (IQR bounds: -184.50-699.50),flagged
1599,account_tenure_days,752.0,Likely Real,account_tenure_days=752.00 (IQR bounds: -184.50-699.50),flagged
1667,account_tenure_days,907.0,Likely Real,account_tenure_days=907.00 (IQR bounds: -184.50-699.50),flagged
1677,account_tenure_days,847.0,Likely Real,account_tenure_days=847.00 (IQR bounds: -184.50-699.50),flagged
1711,account_tenure_days,726.0,Likely Real,account_tenure_days=726.00 (IQR bounds: -184.50-699.50),flagged
1771,account_tenure_days,889.0,Likely Real,account_tenure_days=889.00 (IQR bounds: -184.50-699.50),flagged
1837,account_tenure_days,733.0,Likely Real,account_tenure_days=733.00 (IQR bounds: -184.50-699.50),flagged
1860,account_tenure_days,738.0,Likely Real,account_tenure_days=738.00 (IQR bounds: -184.50-699.50),flagged
1882,account_tenure_days,749.0,Likely Real,account_tenure_days=749.00 (IQR bounds: -184.50-699.50),flagged
1895,account_tenure_days,1208.0,Likely Real,account_tenure_days=1208.00 (IQR bounds: -184.50-699.50),flagged
1922,account_tenure_days,903.0,Likely Real,account_tenure_days=903.00 (IQR bounds: -184.50-699.50),flagged
2014,account_tenure_days,774.0,Likely Real,account_tenure_days=774.00 (IQR bounds: -184.50-699.50),flagged
2018,account_tenure_days,1006.0,Likely Real,account_tenure_days=1006.00 (IQR bounds: -184.50-699.50),flagged
2054,account_tenure_days,737.0,Likely Real,account_tenure_days=737.00 (IQR bounds: -184.50-699.50),flagged
2058,account_tenure_days,766.0,Likely Real,account_tenure_days=766.00 (IQR bounds: -184.50-699.50),flagged
2071,account_tenure_days,708.0,Likely Real,account_tenure_days=708.00 (IQR bounds: -184.50-699.50),flagged
2094,account_tenure_days,945.0,Likely Real,account_tenure_days=945.00 (IQR bounds: -184.50-699.50),flagged
2119,account_tenure_days,857.0,Likely Real,account_tenure_days=857.00 (IQR bounds: -184.50-699.50),flagged
2191,account_tenure_days,747.0,Likely Real,account_tenure_days=747.00 (IQR bounds: -184.50-699.50),flagged
34,avg_order_value,122.0,Likely Real,avg_order_value=122.00 (IQR bounds: -2.98-111.61),flagged
71,avg_order_value,140.69,Likely Real,avg_order_value=140.69 (IQR bounds: -2.98-111.61),flagged
72,avg_order_value,126.47,Likely Real,avg_order_value=126.47 (IQR bounds: -2.98-111.61),flagged
86,avg_order_value,124.4,Likely Real,avg_order_value=124.40 (IQR bounds: -2.98-111.61),flagged
131,avg_order_value,161.89,Likely Real,avg_order_value=161.89 (IQR bounds: -2.98-111.61),flagged
139,avg_order_value,367.32,Likely Real,avg_order_value=367.32 (IQR bounds: -2.98-111.61),flagged
159,avg_order_value,940.92,Likely Real,avg_order_value=940.92 (IQR bounds: -2.98-111.61),flagged
172,avg_order_value,192.63,Likely Real,avg_order_value=192.63 (IQR bounds: -2.98-111.61),flagged
181,avg_order_value,132.49,Likely Real,avg_order_value=132.49 (IQR bounds: -2.98-111.61),flagged
190,avg_order_value,114.19,Likely Real,avg_order_value=114.19 (IQR bounds: -2.98-111.61),flagged
225,avg_order_value,177.93,Likely Real,avg_order_value=177.93 (IQR bounds: -2.98-111.61),flagged
235,avg_order_value,112.64,Likely Real,avg_order_value=112.64 (IQR bounds: -2.98-111.61),flagged
238,avg_order_value,1328.0,Likely Real,avg_order_value=1328.00 (IQR bounds: -2.98-111.61),flagged
299,avg_order_value,807.0,Likely Real,avg_order_value=807.00 (IQR bounds: -2.98-111.61),flagged
306,avg_order_value,112.65,Likely Real,avg_order_value=112.65 (IQR bounds: -2.98-111.61),flagged
308,avg_order_value,153.16,Likely Real,avg_order_value=153.16 (IQR bounds: -2.98-111.61),flagged
376,avg_order_value,126.46,Likely Real,avg_order_value=126.46 (IQR bounds: -2.98-111.61),flagged
391,avg_order_value,119.63,Likely Real,avg_order_value=119.63 (IQR bounds: -2.98-111.61),flagged
402,avg_order_value,1225.6,Likely Real,avg_order_value=1225.60 (IQR bounds: -2.98-111.61),flagged
407,avg_order_value,148.23,Likely Real,avg_order_value=148.23 (IQR bounds: -2.98-111.61),flagged
505,avg_order_value,799.1999999999999,Likely Real,avg_order_value=799.20 (IQR bounds: -2.98-111.61),flagged
597,avg_order_value,114.06,Likely Real,avg_order_value=114.06 (IQR bounds: -2.98-111.61),flagged
623,avg_order_value,152.33,Likely Real,avg_order_value=152.33 (IQR bounds: -2.98-111.61),flagged
679,avg_order_value,114.33,Likely Real,avg_order_value=114.33 (IQR bounds: -2.98-111.61),flagged
742,avg_order_value,788.4000000000001,Likely Real,avg_order_value=788.40 (IQR bounds: -2.98-111.61),flagged
788,avg_order_value,170.76,Likely Real,avg_order_value=170.76 (IQR bounds: -2.98-111.61),flagged
791,avg_order_value,124.77,Likely Real,avg_order_value=124.77 (IQR bounds: -2.98-111.61),flagged
839,avg_order_value,132.28,Likely Real,avg_order_value=132.28 (IQR bounds: -2.98-111.61),flagged
840,avg_order_value,215.11,Likely Real,avg_order_value=215.11 (IQR bounds: -2.98-111.61),flagged
950,avg_order_value,123.7,Likely Real,avg_order_value=123.70 (IQR bounds: -2.98-111.61),flagged
990,avg_order_value,124.0,Likely Real,avg_order_value=124.00 (IQR bounds: -2.98-111.61),flagged
1028,avg_order_value,132.55,Likely Real,avg_order_value=132.55 (IQR bounds: -2.98-111.61),flagged
1040,avg_order_value,127.85,Likely Real,avg_order_value=127.85 (IQR bounds: -2.98-111.61),flagged
1056,avg_order_value,140.61,Likely Real,avg_order_value=140.61 (IQR bounds: -2.98-111.61),flagged
1085,avg_order_value,151.14,Likely Real,avg_order_value=151.14 (IQR bounds: -2.98-111.61),flagged
1093,avg_order_value,126.54,Likely Real,avg_order_value=126.54 (IQR bounds: -2.98-111.61),flagged
1123,avg_order_value,141.32,Likely Real,avg_order_value=141.32 (IQR bounds: -2.98-111.61),flagged
1124,avg_order_value,112.63,Likely Real,avg_order_value=112.63 (IQR bounds: -2.98-111.61),flagged
1132,avg_order_value,753.0,Likely Real,avg_order_value=753.00 (IQR bounds: -2.98-111.61),flagged
1153,avg_order_value,114.0,Likely Real,avg_order_value=114.00 (IQR bounds: -2.98-111.61),flagged
1159,avg_order_value,390.72,Likely Real,avg_order_value=390.72 (IQR bounds: -2.98-111.61),flagged
1201,avg_order_value,132.53,Likely Real,avg_order_value=132.53 (IQR bounds: -2.98-111.61),flagged
1202,avg_order_value,143.34,Likely Real,avg_order_value=143.34 (IQR bounds: -2.98-111.61),flagged
1234,avg_order_value,122.27,Likely Real,avg_order_value=122.27 (IQR bounds: -2.98-111.61),flagged
1242,avg_order_value,115.97,Likely Real,avg_order_value=115.97 (IQR bounds: -2.98-111.61),flagged
1318,avg_order_value,159.28,Likely Real,avg_order_value=159.28 (IQR bounds: -2.98-111.61),flagged
1323,avg_order_value,230.52,Likely Real,avg_order_value=230.52 (IQR bounds: -2.98-111.61),flagged
1340,avg_order_value,120.49,Likely Real,avg_order_value=120.49 (IQR bounds: -2.98-111.61),flagged
1351,avg_order_value,512.88,Likely Real,avg_order_value=512.88 (IQR bounds: -2.98-111.61),flagged
1355,avg_order_value,118.13,Likely Real,avg_order_value=118.13 (IQR bounds: -2.98-111.61),flagged
1358,avg_order_value,138.63,Likely Real,avg_order_value=138.63 (IQR bounds: -2.98-111.61),flagged
1364,avg_order_value,170.76,Likely Real,avg_order_value=170.76 (IQR bounds: -2.98-111.61),flagged
1373,avg_order_value,133.35,Likely Real,avg_order_value=133.35 (IQR bounds: -2.98-111.61),flagged
1435,avg_order_value,114.97,Likely Real,avg_order_value=114.97 (IQR bounds: -2.98-111.61),flagged
1497,avg_order_value,112.91,Likely Real,avg_order_value=112.91 (IQR bounds: -2.98-111.61),flagged
1498,avg_order_value,135.06,Likely Real,avg_order_value=135.06 (IQR bounds: -2.98-111.61),flagged
1499,avg_order_value,157.09,Likely Real,avg_order_value=157.09 (IQR bounds: -2.98-111.61),flagged
1540,avg_order_value,136.39,Likely Real,avg_order_value=136.39 (IQR bounds: -2.98-111.61),flagged
1547,avg_order_value,119.89,Likely Real,avg_order_value=119.89 (IQR bounds: -2.98-111.61),flagged
1574,avg_order_value,132.14,Likely Real,avg_order_value=132.14 (IQR bounds: -2.98-111.61),flagged
1592,avg_order_value,843.8,Likely Real,avg_order_value=843.80 (IQR bounds: -2.98-111.61),flagged
1593,avg_order_value,167.86,Likely Real,avg_order_value=167.86 (IQR bounds: -2.98-111.61),flagged
1652,avg_order_value,135.12,Likely Real,avg_order_value=135.12 (IQR bounds: -2.98-111.61),flagged
1714,avg_order_value,521.28,Likely Real,avg_order_value=521.28 (IQR bounds: -2.98-111.61),flagged
1719,avg_order_value,375.76,Likely Real,avg_order_value=375.76 (IQR bounds: -2.98-111.61),flagged
1752,avg_order_value,119.07,Likely Real,avg_order_value=119.07 (IQR bounds: -2.98-111.61),flagged
1819,avg_order_value,705.04,Likely Real,avg_order_value=705.04 (IQR bounds: -2.98-111.61),flagged
1847,avg_order_value,113.03,Likely Real,avg_order_value=113.03 (IQR bounds: -2.98-111.61),flagged
1858,avg_order_value,119.09,Likely Real,avg_order_value=119.09 (IQR bounds: -2.98-111.61),flagged
1884,avg_order_value,125.28,Likely Real,avg_order_value=125.28 (IQR bounds: -2.98-111.61),flagged
1898,avg_order_value,127.62,Likely Real,avg_order_value=127.62 (IQR bounds: -2.98-111.61),flagged
1909,avg_order_value,116.05,Likely Real,avg_order_value=116.05 (IQR bounds: -2.98-111.61),flagged
1917,avg_order_value,277.2,Likely Real,avg_order_value=277.20 (IQR bounds: -2.98-111.61),flagged
1953,avg_order_value,123.7,Likely Real,avg_order_value=123.70 (IQR bounds: -2.98-111.61),flagged
1978,avg_order_value,126.09,Likely Real,avg_order_value=126.09 (IQR bounds: -2.98-111.61),flagged
2002,avg_order_value,123.95,Likely Real,avg_order_value=123.95 (IQR bounds: -2.98-111.61),flagged
2024,avg_order_value,117.44,Likely Real,avg_order_value=117.44 (IQR bounds: -2.98-111.61),flagged
2038,avg_order_value,117.4,Likely Real,avg_order_value=117.40 (IQR bounds: -2.98-111.61),flagged
2066,avg_order_value,115.41,Likely Real,avg_order_value=115.41 (IQR bounds: -2.98-111.61),flagged
2083,avg_order_value,137.94,Likely Real,avg_order_value=137.94 (IQR bounds: -2.98-111.61),flagged
2097,avg_order_value,117.88,Likely Real,avg_order_value=117.88 (IQR bounds: -2.98-111.61),flagged
2115,avg_order_value,129.54,Likely Real,avg_order_value=129.54 (IQR bounds: -2.98-111.61),flagged
2176,avg_order_value,117.2,Likely Real,avg_order_value=117.20 (IQR bounds: -2.98-111.61),flagged
2182,avg_order_value,580.32,Likely Real,avg_order_value=580.32 (IQR bounds: -2.98-111.61),flagged
1434,orders_last_90d,19.0,Likely Real,orders_last_90d=19.00 (IQR bounds: 0.00-16.00),flagged
1503,orders_last_90d,17.0,Likely Real,orders_last_90d=17.00 (IQR bounds: 0.00-16.00),flagged
2051,orders_last_90d,18.0,Likely Real,orders_last_90d=18.00 (IQR bounds: 0.00-16.00),flagged
162,app_sessions_last_30d,1.0,Likely Real,app_sessions_last_30d=1.00 (IQR bounds: 1.50-21.50),flagged
448,app_sessions_last_30d,22.0,Likely Real,app_sessions_last_30d=22.00 (IQR bounds: 1.50-21.50),flagged
751,app_sessions_last_30d,22.0,Likely Real,app_sessions_last_30d=22.00 (IQR bounds: 1.50-21.50),flagged
1558,app_sessions_last_30d,22.0,Likely Real,app_sessions_last_30d=22.00 (IQR bounds: 1.50-21.50),flagged
2146,app_sessions_last_30d,23.0,Likely Real,app_sessions_last_30d=23.00 (IQR bounds: 1.50-21.50),flagged
45,support_tickets_90d,3.0,Likely Real,support_tickets_90d=3.00 (IQR bounds: -1.50-2.50),flagged
52,support_tickets_90d,4.0,Likely Real,support_tickets_90d=4.00 (IQR bounds: -1.50-2.50),flagged
57,support_tickets_90d,3.0,Likely Real,support_tickets_90d=3.00 (IQR bounds: -1.50-2.50),flagged
63,support_tickets_90d,3.0,Likely Real,support_tickets_90d=3.00 (IQR bounds: -1.50-2.50),flagged
92,support_tickets_90d,3.0,Likely Real,support_tickets_90d=3.00 (IQR bounds: -1.50-2.50),flagged
108,support_tickets_90d,3.0,Likely Real,support_tickets_90d=3.00 (IQR bounds: -1.50-2.50),flagged
143,support_tickets_90d,4.0,Likely Real,support_tickets_90d=4.00 (IQR bounds: -1.50-2.50),flagged
154,support_tickets_90d,3.0,Likely Real,support_tickets_90d=3.00 (IQR bounds: -1.50-2.50),flagged
162,support_tickets_90d,4.0,Likely Real,support_tickets_90d=4.00 (IQR bounds: -1.50-2.50),flagged
168,support_tickets_90d,3.0,Likely Real,support_tickets_90d=3.00 (IQR bounds: -1.50-2.50),flagged
188,support_tickets_90d,3.0,Likely Real,support_tickets_90d=3.00 (IQR bounds: -1.50-2.50),flagged
223,support_tickets_90d,3.0,Likely Real,support_tickets_90d=3.00 (IQR bounds: -1.50-2.50),flagged
229,support_tickets_90d,3.0,Likely Real,support_tickets_90d=3.00 (IQR bounds: -1.50-2.50),flagged
247,support_tickets_90d,3.0,Likely Real,support_tickets_90d=3.00 (IQR bounds: -1.50-2.50),flagged
248,support_tickets_90d,3.0,Likely Real,support_tickets_90d=3.00 (IQR bounds: -1.50-2.50),flagged
264,support_tickets_90d,3.0,Likely Real,support_tickets_90d=3.00 (IQR bounds: -1.50-2.50),flagged
272,support_tickets_90d,3.0,Likely Real,support_tickets_90d=3.00 (IQR bounds: -1.50-2.50),flagged
276,support_tickets_90d,3.0,Likely Real,support_tickets_90d=3.00 (IQR bounds: -1.50-2.50),flagged
290,support_tickets_90d,3.0,Likely Real,support_tickets_90d=3.00 (IQR bounds: -1.50-2.50),flagged
392,support_tickets_90d,3.0,Likely Real,support_tickets_90d=3.00 (IQR bounds: -1.50-2.50),flagged
415,support_tickets_90d,3.0,Likely Real,support_tickets_90d=3.00 (IQR bounds: -1.50-2.50),flagged
438,support_tickets_90d,3.0,Likely Real,support_tickets_90d=3.00 (IQR bounds: -1.50-2.50),flagged
451,support_tickets_90d,3.0,Likely Real,support_tickets_90d=3.00 (IQR bounds: -1.50-2.50),flagged
462,support_tickets_90d,3.0,Likely Real,support_tickets_90d=3.00 (IQR bounds: -1.50-2.50),flagged
465,support_tickets_90d,3.0,Likely Real,support_tickets_90d=3.00 (IQR bounds: -1.50-2.50),flagged
476,support_tickets_90d,3.0,Likely Real,support_tickets_90d=3.00 (IQR bounds: -1.50-2.50),flagged
489,support_tickets_90d,3.0,Likely Real,support_tickets_90d=3.00 (IQR bounds: -1.50-2.50),flagged
497,support_tickets_90d,3.0,Likely Real,support_tickets_90d=3.00 (IQR bounds: -1.50-2.50),flagged
505,support_tickets_90d,4.0,Likely Real,support_tickets_90d=4.00 (IQR bounds: -1.50-2.50),flagged
510,support_tickets_90d,3.0,Likely Real,support_tickets_90d=3.00 (IQR bounds: -1.50-2.50),flagged
514,support_tickets_90d,3.0,Likely Real,support_tickets_90d=3.00 (IQR bounds: -1.50-2.50),flagged
525,support_tickets_90d,3.0,Likely Real,support_tickets_90d=3.00 (IQR bounds: -1.50-2.50),flagged
540,support_tickets_90d,3.0,Likely Real,support_tickets_90d=3.00 (IQR bounds: -1.50-2.50),flagged
579,support_tickets_90d,5.0,Likely Real,support_tickets_90d=5.00 (IQR bounds: -1.50-2.50),flagged
587,support_tickets_90d,3.0,Likely Real,support_tickets_90d=3.00 (IQR bounds: -1.50-2.50),flagged
589,support_tickets_90d,3.0,Likely Real,support_tickets_90d=3.00 (IQR bounds: -1.50-2.50),flagged
666,support_tickets_90d,4.0,Likely Real,support_tickets_90d=4.00 (IQR bounds: -1.50-2.50),flagged
667,support_tickets_90d,3.0,Likely Real,support_tickets_90d=3.00 (IQR bounds: -1.50-2.50),flagged
677,support_tickets_90d,4.0,Likely Real,support_tickets_90d=4.00 (IQR bounds: -1.50-2.50),flagged
684,support_tickets_90d,3.0,Likely Real,support_tickets_90d=3.00 (IQR bounds: -1.50-2.50),flagged
720,support_tickets_90d,3.0,Likely Real,support_tickets_90d=3.00 (IQR bounds: -1.50-2.50),flagged
725,support_tickets_90d,3.0,Likely Real,support_tickets_90d=3.00 (IQR bounds: -1.50-2.50),flagged
728,support_tickets_90d,3.0,Likely Real,support_tickets_90d=3.00 (IQR bounds: -1.50-2.50),flagged
734,support_tickets_90d,3.0,Likely Real,support_tickets_90d=3.00 (IQR bounds: -1.50-2.50),flagged
741,support_tickets_90d,3.0,Likely Real,support_tickets_90d=3.00 (IQR bounds: -1.50-2.50),flagged
753,support_tickets_90d,3.0,Likely Real,support_tickets_90d=3.00 (IQR bounds: -1.50-2.50),flagged
758,support_tickets_90d,3.0,Likely Real,support_tickets_90d=3.00 (IQR bounds: -1.50-2.50),flagged
768,support_tickets_90d,3.0,Likely Real,support_tickets_90d=3.00 (IQR bounds: -1.50-2.50),flagged
771,support_tickets_90d,3.0,Likely Real,support_tickets_90d=3.00 (IQR bounds: -1.50-2.50),flagged
782,support_tickets_90d,3.0,Likely Real,support_tickets_90d=3.00 (IQR bounds: -1.50-2.50),flagged
814,support_tickets_90d,3.0,Likely Real,support_tickets_90d=3.00 (IQR bounds: -1.50-2.50),flagged
815,support_tickets_90d,3.0,Likely Real,support_tickets_90d=3.00 (IQR bounds: -1.50-2.50),flagged
831,support_tickets_90d,3.0,Likely Real,support_tickets_90d=3.00 (IQR bounds: -1.50-2.50),flagged
836,support_tickets_90d,3.0,Likely Real,support_tickets_90d=3.00 (IQR bounds: -1.50-2.50),flagged
844,support_tickets_90d,3.0,Likely Real,support_tickets_90d=3.00 (IQR bounds: -1.50-2.50),flagged
884,support_tickets_90d,3.0,Likely Real,support_tickets_90d=3.00 (IQR bounds: -1.50-2.50),flagged
911,support_tickets_90d,4.0,Likely Real,support_tickets_90d=4.00 (IQR bounds: -1.50-2.50),flagged
924,support_tickets_90d,3.0,Likely Real,support_tickets_90d=3.00 (IQR bounds: -1.50-2.50),flagged
997,support_tickets_90d,3.0,Likely Real,support_tickets_90d=3.00 (IQR bounds: -1.50-2.50),flagged
1018,support_tickets_90d,3.0,Likely Real,support_tickets_90d=3.00 (IQR bounds: -1.50-2.50),flagged
1033,support_tickets_90d,3.0,Likely Real,support_tickets_90d=3.00 (IQR bounds: -1.50-2.50),flagged
1044,support_tickets_90d,3.0,Likely Real,support_tickets_90d=3.00 (IQR bounds: -1.50-2.50),flagged
1055,support_tickets_90d,3.0,Likely Real,support_tickets_90d=3.00 (IQR bounds: -1.50-2.50),flagged
1073,support_tickets_90d,3.0,Likely Real,support_tickets_90d=3.00 (IQR bounds: -1.50-2.50),flagged
1076,support_tickets_90d,3.0,Likely Real,support_tickets_90d=3.00 (IQR bounds: -1.50-2.50),flagged
1102,support_tickets_90d,3.0,Likely Real,support_tickets_90d=3.00 (IQR bounds: -1.50-2.50),flagged
1103,support_tickets_90d,3.0,Likely Real,support_tickets_90d=3.00 (IQR bounds: -1.50-2.50),flagged
1121,support_tickets_90d,3.0,Likely Real,support_tickets_90d=3.00 (IQR bounds: -1.50-2.50),flagged
1144,support_tickets_90d,3.0,Likely Real,support_tickets_90d=3.00 (IQR bounds: -1.50-2.50),flagged
1145,support_tickets_90d,3.0,Likely Real,support_tickets_90d=3.00 (IQR bounds: -1.50-2.50),flagged
1148,support_tickets_90d,3.0,Likely Real,support_tickets_90d=3.00 (IQR bounds: -1.50-2.50),flagged
1217,support_tickets_90d,3.0,Likely Real,support_tickets_90d=3.00 (IQR bounds: -1.50-2.50),flagged
1236,support_tickets_90d,3.0,Likely Real,support_tickets_90d=3.00 (IQR bounds: -1.50-2.50),flagged
1246,support_tickets_90d,3.0,Likely Real,support_tickets_90d=3.00 (IQR bounds: -1.50-2.50),flagged
1247,support_tickets_90d,4.0,Likely Real,support_tickets_90d=4.00 (IQR bounds: -1.50-2.50),flagged
1248,support_tickets_90d,4.0,Likely Real,support_tickets_90d=4.00 (IQR bounds: -1.50-2.50),flagged
1261,support_tickets_90d,5.0,Likely Real,support_tickets_90d=5.00 (IQR bounds: -1.50-2.50),flagged
1290,support_tickets_90d,3.0,Likely Real,support_tickets_90d=3.00 (IQR bounds: -1.50-2.50),flagged
1315,support_tickets_90d,3.0,Likely Real,support_tickets_90d=3.00 (IQR bounds: -1.50-2.50),flagged
1316,support_tickets_90d,4.0,Likely Real,support_tickets_90d=4.00 (IQR bounds: -1.50-2.50),flagged
1329,support_tickets_90d,3.0,Likely Real,support_tickets_90d=3.00 (IQR bounds: -1.50-2.50),flagged
1352,support_tickets_90d,3.0,Likely Real,support_tickets_90d=3.00 (IQR bounds: -1.50-2.50),flagged
1355,support_tickets_90d,3.0,Likely Real,support_tickets_90d=3.00 (IQR bounds: -1.50-2.50),flagged
1390,support_tickets_90d,3.0,Likely Real,support_tickets_90d=3.00 (IQR bounds: -1.50-2.50),flagged
1411,support_tickets_90d,3.0,Likely Real,support_tickets_90d=3.00 (IQR bounds: -1.50-2.50),flagged
1437,support_tickets_90d,3.0,Likely Real,support_tickets_90d=3.00 (IQR bounds: -1.50-2.50),flagged
1449,support_tickets_90d,3.0,Likely Real,support_tickets_90d=3.00 (IQR bounds: -1.50-2.50),flagged
1491,support_tickets_90d,3.0,Likely Real,support_tickets_90d=3.00 (IQR bounds: -1.50-2.50),flagged
1511,support_tickets_90d,3.0,Likely Real,support_tickets_90d=3.00 (IQR bounds: -1.50-2.50),flagged
1579,support_tickets_90d,3.0,Likely Real,support_tickets_90d=3.00 (IQR bounds: -1.50-2.50),flagged
1582,support_tickets_90d,3.0,Likely Real,support_tickets_90d=3.00 (IQR bounds: -1.50-2.50),flagged
1585,support_tickets_90d,3.0,Likely Real,support_tickets_90d=3.00 (IQR bounds: -1.50-2.50),flagged
1588,support_tickets_90d,3.0,Likely Real,support_tickets_90d=3.00 (IQR bounds: -1.50-2.50),flagged
1630,support_tickets_90d,3.0,Likely Real,support_tickets_90d=3.00 (IQR bounds: -1.50-2.50),flagged
1657,support_tickets_90d,3.0,Likely Real,support_tickets_90d=3.00 (IQR bounds: -1.50-2.50),flagged
1664,support_tickets_90d,3.0,Likely Real,support_tickets_90d=3.00 (IQR bounds: -1.50-2.50),flagged
1679,support_tickets_90d,3.0,Likely Real,support_tickets_90d=3.00 (IQR bounds: -1.50-2.50),flagged
1685,support_tickets_90d,3.0,Likely Real,support_tickets_90d=3.00 (IQR bounds: -1.50-2.50),flagged
1707,support_tickets_90d,4.0,Likely Real,support_tickets_90d=4.00 (IQR bounds: -1.50-2.50),flagged
1723,support_tickets_90d,4.0,Likely Real,support_tickets_90d=4.00 (IQR bounds: -1.50-2.50),flagged
1752,support_tickets_90d,3.0,Likely Real,support_tickets_90d=3.00 (IQR bounds: -1.50-2.50),flagged
1767,support_tickets_90d,3.0,Likely Real,support_tickets_90d=3.00 (IQR bounds: -1.50-2.50),flagged
1777,support_tickets_90d,4.0,Likely Real,support_tickets_90d=4.00 (IQR bounds: -1.50-2.50),flagged
1804,support_tickets_90d,3.0,Likely Real,support_tickets_90d=3.00 (IQR bounds: -1.50-2.50),flagged
1810,support_tickets_90d,3.0,Likely Real,support_tickets_90d=3.00 (IQR bounds: -1.50-2.50),flagged
1817,support_tickets_90d,3.0,Likely Real,support_tickets_90d=3.00 (IQR bounds: -1.50-2.50),flagged
1830,support_tickets_90d,5.0,Likely Real,support_tickets_90d=5.00 (IQR bounds: -1.50-2.50),flagged
1862,support_tickets_90d,3.0,Likely Real,support_tickets_90d=3.00 (IQR bounds: -1.50-2.50),flagged
1878,support_tickets_90d,3.0,Likely Real,support_tickets_90d=3.00 (IQR bounds: -1.50-2.50),flagged
1887,support_tickets_90d,3.0,Likely Real,support_tickets_90d=3.00 (IQR bounds: -1.50-2.50),flagged
1900,support_tickets_90d,3.0,Likely Real,support_tickets_90d=3.00 (IQR bounds: -1.50-2.50),flagged
1914,support_tickets_90d,3.0,Likely Real,support_tickets_90d=3.00 (IQR bounds: -1.50-2.50),flagged
1921,support_tickets_90d,3.0,Likely Real,support_tickets_90d=3.00 (IQR bounds: -1.50-2.50),flagged
1937,support_tickets_90d,3.0,Likely Real,support_tickets_90d=3.00 (IQR bounds: -1.50-2.50),flagged
1948,support_tickets_90d,3.0,Likely Real,support_tickets_90d=3.00 (IQR bounds: -1.50-2.50),flagged
1987,support_tickets_90d,3.0,Likely Real,support_tickets_90d=3.00 (IQR bounds: -1.50-2.50),flagged
2000,support_tickets_90d,4.0,Likely Real,support_tickets_90d=4.00 (IQR bounds: -1.50-2.50),flagged
2021,support_tickets_90d,3.0,Likely Real,support_tickets_90d=3.00 (IQR bounds: -1.50-2.50),flagged
2027,support_tickets_90d,3.0,Likely Real,support_tickets_90d=3.00 (IQR bounds: -1.50-2.50),flagged
2043,support_tickets_90d,3.0,Likely Real,support_tickets_90d=3.00 (IQR bounds: -1.50-2.50),flagged
2078,support_tickets_90d,3.0,Likely Real,support_tickets_90d=3.00 (IQR bounds: -1.50-2.50),flagged
2139,support_tickets_90d,3.0,Likely Real,support_tickets_90d=3.00 (IQR bounds: -1.50-2.50),flagged
2165,support_tickets_90d,4.0,Likely Real,support_tickets_90d=4.00 (IQR bounds: -1.50-2.50),flagged
2170,support_tickets_90d,3.0,Likely Real,support_tickets_90d=3.00 (IQR bounds: -1.50-2.50),flagged
2194,support_tickets_90d,4.0,Likely Real,support_tickets_90d=4.00 (IQR bounds: -1.50-2.50),flagged
2207,support_tickets_90d,3.0,Likely Real,support_tickets_90d=3.00 (IQR bounds: -1.50-2.50),flagged
75,late_delivery_rate,0.492,Likely Real,late_delivery_rate=0.49 (IQR bounds: -0.15-0.48),flagged
175,late_delivery_rate,0.482,Likely Real,late_delivery_rate=0.48 (IQR bounds: -0.15-0.48),flagged
304,late_delivery_rate,0.481,Likely Real,late_delivery_rate=0.48 (IQR bounds: -0.15-0.48),flagged
305,late_delivery_rate,0.557,Likely Real,late_delivery_rate=0.56 (IQR bounds: -0.15-0.48),flagged
396,late_delivery_rate,0.553,Likely Real,late_delivery_rate=0.55 (IQR bounds: -0.15-0.48),flagged
398,late_delivery_rate,0.528,Likely Real,late_delivery_rate=0.53 (IQR bounds: -0.15-0.48),flagged
422,late_delivery_rate,0.578,Likely Real,late_delivery_rate=0.58 (IQR bounds: -0.15-0.48),flagged
468,late_delivery_rate,0.59,Likely Real,late_delivery_rate=0.59 (IQR bounds: -0.15-0.48),flagged
509,late_delivery_rate,0.52,Likely Real,late_delivery_rate=0.52 (IQR bounds: -0.15-0.48),flagged
582,late_delivery_rate,0.531,Likely Real,late_delivery_rate=0.53 (IQR bounds: -0.15-0.48),flagged
584,late_delivery_rate,0.526,Likely Real,late_delivery_rate=0.53 (IQR bounds: -0.15-0.48),flagged
624,late_delivery_rate,0.517,Likely Real,late_delivery_rate=0.52 (IQR bounds: -0.15-0.48),flagged
635,late_delivery_rate,0.499,Likely Real,late_delivery_rate=0.50 (IQR bounds: -0.15-0.48),flagged
666,late_delivery_rate,0.562,Likely Real,late_delivery_rate=0.56 (IQR bounds: -0.15-0.48),flagged
768,late_delivery_rate,0.647,Likely Real,late_delivery_rate=0.65 (IQR bounds: -0.15-0.48),flagged
834,late_delivery_rate,0.505,Likely Real,late_delivery_rate=0.51 (IQR bounds: -0.15-0.48),flagged
966,late_delivery_rate,0.51,Likely Real,late_delivery_rate=0.51 (IQR bounds: -0.15-0.48),flagged
1025,late_delivery_rate,0.602,Likely Real,late_delivery_rate=0.60 (IQR bounds: -0.15-0.48),flagged
1040,late_delivery_rate,0.499,Likely Real,late_delivery_rate=0.50 (IQR bounds: -0.15-0.48),flagged
1082,late_delivery_rate,0.553,Likely Real,late_delivery_rate=0.55 (IQR bounds: -0.15-0.48),flagged
1237,late_delivery_rate,0.497,Likely Real,late_delivery_rate=0.50 (IQR bounds: -0.15-0.48),flagged
1246,late_delivery_rate,0.512,Likely Real,late_delivery_rate=0.51 (IQR bounds: -0.15-0.48),flagged
1247,late_delivery_rate,0.601,Likely Real,late_delivery_rate=0.60 (IQR bounds: -0.15-0.48),flagged
1250,late_delivery_rate,0.518,Likely Real,late_delivery_rate=0.52 (IQR bounds: -0.15-0.48),flagged
1262,late_delivery_rate,0.573,Likely Real,late_delivery_rate=0.57 (IQR bounds: -0.15-0.48),flagged
1449,late_delivery_rate,0.481,Likely Real,late_delivery_rate=0.48 (IQR bounds: -0.15-0.48),flagged
1452,late_delivery_rate,0.689,Likely Real,late_delivery_rate=0.69 (IQR bounds: -0.15-0.48),flagged
1539,late_delivery_rate,0.565,Likely Real,late_delivery_rate=0.56 (IQR bounds: -0.15-0.48),flagged
1552,late_delivery_rate,0.499,Likely Real,late_delivery_rate=0.50 (IQR bounds: -0.15-0.48),flagged
1591,late_delivery_rate,0.656,Likely Real,late_delivery_rate=0.66 (IQR bounds: -0.15-0.48),flagged
1688,late_delivery_rate,0.52,Likely Real,late_delivery_rate=0.52 (IQR bounds: -0.15-0.48),flagged
1691,late_delivery_rate,0.707,Likely Real,late_delivery_rate=0.71 (IQR bounds: -0.15-0.48),flagged
1872,late_delivery_rate,0.555,Likely Real,late_delivery_rate=0.56 (IQR bounds: -0.15-0.48),flagged
1992,late_delivery_rate,0.485,Likely Real,late_delivery_rate=0.48 (IQR bounds: -0.15-0.48),flagged
2047,late_delivery_rate,0.508,Likely Real,late_delivery_rate=0.51 (IQR bounds: -0.15-0.48),flagged
2085,late_delivery_rate,0.609,Likely Real,late_delivery_rate=0.61 (IQR bounds: -0.15-0.48),flagged
2107,late_delivery_rate,0.544,Likely Real,late_delivery_rate=0.54 (IQR bounds: -0.15-0.48),flagged
2115,late_delivery_rate,0.524,Likely Real,late_delivery_rate=0.52 (IQR bounds: -0.15-0.48),flagged
2134,late_delivery_rate,0.495,Likely Real,late_delivery_rate=0.49 (IQR bounds: -0.15-0.48),flagged
2149,late_delivery_rate,0.509,Likely Real,late_delivery_rate=0.51 (IQR bounds: -0.15-0.48),flagged
2194,late_delivery_rate,0.5,Likely Real,late_delivery_rate=0.50 (IQR bounds: -0.15-0.48),flagged
2195,late_delivery_rate,0.504,Likely Real,late_delivery_rate=0.50 (IQR bounds: -0.15-0.48),flagged
2203,late_delivery_rate,0.532,Likely Real,late_delivery_rate=0.53 (IQR bounds: -0.15-0.48),flagged
2220,late_delivery_rate,0.601,Likely Real,late_delivery_rate=0.60 (IQR bounds: -0.15-0.48),flagged
145,avg_delivery_delay_hours,145.0,Likely Real,avg_delivery_delay_hours=145.00 (IQR bounds: -7.48-46.28),flagged
182,avg_delivery_delay_hours,220.0,Likely Real,avg_delivery_delay_hours=220.00 (IQR bounds: -7.48-46.28),flagged
192,avg_delivery_delay_hours,58.22,Likely Real,avg_delivery_delay_hours=58.22 (IQR bounds: -7.48-46.28),flagged
235,avg_delivery_delay_hours,145.0,Likely Real,avg_delivery_delay_hours=145.00 (IQR bounds: -7.48-46.28),flagged
259,avg_delivery_delay_hours,59.96,Likely Real,avg_delivery_delay_hours=59.96 (IQR bounds: -7.48-46.28),flagged
267,avg_delivery_delay_hours,220.0,Likely Real,avg_delivery_delay_hours=220.00 (IQR bounds: -7.48-46.28),flagged
282,avg_delivery_delay_hours,220.0,Likely Real,avg_delivery_delay_hours=220.00 (IQR bounds: -7.48-46.28),flagged
305,avg_delivery_delay_hours,70.99,Likely Real,avg_delivery_delay_hours=70.99 (IQR bounds: -7.48-46.28),flagged
306,avg_delivery_delay_hours,360.0,Likely Real,avg_delivery_delay_hours=360.00 (IQR bounds: -7.48-46.28),flagged
311,avg_delivery_delay_hours,220.0,Likely Real,avg_delivery_delay_hours=220.00 (IQR bounds: -7.48-46.28),flagged
339,avg_delivery_delay_hours,48.91,Likely Real,avg_delivery_delay_hours=48.91 (IQR bounds: -7.48-46.28),flagged
355,avg_delivery_delay_hours,47.18,Likely Real,avg_delivery_delay_hours=47.18 (IQR bounds: -7.48-46.28),flagged
358,avg_delivery_delay_hours,47.63,Likely Real,avg_delivery_delay_hours=47.63 (IQR bounds: -7.48-46.28),flagged
361,avg_delivery_delay_hours,54.68,Likely Real,avg_delivery_delay_hours=54.68 (IQR bounds: -7.48-46.28),flagged
369,avg_delivery_delay_hours,47.54,Likely Real,avg_delivery_delay_hours=47.54 (IQR bounds: -7.48-46.28),flagged
413,avg_delivery_delay_hours,180.0,Likely Real,avg_delivery_delay_hours=180.00 (IQR bounds: -7.48-46.28),flagged
429,avg_delivery_delay_hours,180.0,Likely Real,avg_delivery_delay_hours=180.00 (IQR bounds: -7.48-46.28),flagged
509,avg_delivery_delay_hours,51.7,Likely Real,avg_delivery_delay_hours=51.70 (IQR bounds: -7.48-46.28),flagged
518,avg_delivery_delay_hours,68.99,Likely Real,avg_delivery_delay_hours=68.99 (IQR bounds: -7.48-46.28),flagged
552,avg_delivery_delay_hours,54.41,Likely Real,avg_delivery_delay_hours=54.41 (IQR bounds: -7.48-46.28),flagged
577,avg_delivery_delay_hours,180.0,Likely Real,avg_delivery_delay_hours=180.00 (IQR bounds: -7.48-46.28),flagged
611,avg_delivery_delay_hours,58.1,Likely Real,avg_delivery_delay_hours=58.10 (IQR bounds: -7.48-46.28),flagged
622,avg_delivery_delay_hours,49.79,Likely Real,avg_delivery_delay_hours=49.79 (IQR bounds: -7.48-46.28),flagged
729,avg_delivery_delay_hours,52.61,Likely Real,avg_delivery_delay_hours=52.61 (IQR bounds: -7.48-46.28),flagged
747,avg_delivery_delay_hours,220.0,Likely Real,avg_delivery_delay_hours=220.00 (IQR bounds: -7.48-46.28),flagged
773,avg_delivery_delay_hours,360.0,Likely Real,avg_delivery_delay_hours=360.00 (IQR bounds: -7.48-46.28),flagged
814,avg_delivery_delay_hours,55.41,Likely Real,avg_delivery_delay_hours=55.41 (IQR bounds: -7.48-46.28),flagged
833,avg_delivery_delay_hours,47.38,Likely Real,avg_delivery_delay_hours=47.38 (IQR bounds: -7.48-46.28),flagged
867,avg_delivery_delay_hours,63.02,Likely Real,avg_delivery_delay_hours=63.02 (IQR bounds: -7.48-46.28),flagged
880,avg_delivery_delay_hours,57.78,Likely Real,avg_delivery_delay_hours=57.78 (IQR bounds: -7.48-46.28),flagged
890,avg_delivery_delay_hours,360.0,Likely Real,avg_delivery_delay_hours=360.00 (IQR bounds: -7.48-46.28),flagged
929,avg_delivery_delay_hours,49.44,Likely Real,avg_delivery_delay_hours=49.44 (IQR bounds: -7.48-46.28),flagged
962,avg_delivery_delay_hours,145.0,Likely Real,avg_delivery_delay_hours=145.00 (IQR bounds: -7.48-46.28),flagged
966,avg_delivery_delay_hours,49.51,Likely Real,avg_delivery_delay_hours=49.51 (IQR bounds: -7.48-46.28),flagged
999,avg_delivery_delay_hours,49.48,Likely Real,avg_delivery_delay_hours=49.48 (IQR bounds: -7.48-46.28),flagged
1017,avg_delivery_delay_hours,220.0,Likely Real,avg_delivery_delay_hours=220.00 (IQR bounds: -7.48-46.28),flagged
1095,avg_delivery_delay_hours,49.61,Likely Real,avg_delivery_delay_hours=49.61 (IQR bounds: -7.48-46.28),flagged
1123,avg_delivery_delay_hours,180.0,Likely Real,avg_delivery_delay_hours=180.00 (IQR bounds: -7.48-46.28),flagged
1283,avg_delivery_delay_hours,51.51,Likely Real,avg_delivery_delay_hours=51.51 (IQR bounds: -7.48-46.28),flagged
1294,avg_delivery_delay_hours,46.56,Likely Real,avg_delivery_delay_hours=46.56 (IQR bounds: -7.48-46.28),flagged
1329,avg_delivery_delay_hours,51.53,Likely Real,avg_delivery_delay_hours=51.53 (IQR bounds: -7.48-46.28),flagged
1373,avg_delivery_delay_hours,47.3,Likely Real,avg_delivery_delay_hours=47.30 (IQR bounds: -7.48-46.28),flagged
1385,avg_delivery_delay_hours,220.0,Likely Real,avg_delivery_delay_hours=220.00 (IQR bounds: -7.48-46.28),flagged
1388,avg_delivery_delay_hours,360.0,Likely Real,avg_delivery_delay_hours=360.00 (IQR bounds: -7.48-46.28),flagged
1399,avg_delivery_delay_hours,220.0,Likely Real,avg_delivery_delay_hours=220.00 (IQR bounds: -7.48-46.28),flagged
1426,avg_delivery_delay_hours,51.01,Likely Real,avg_delivery_delay_hours=51.01 (IQR bounds: -7.48-46.28),flagged
1450,avg_delivery_delay_hours,145.0,Likely Real,avg_delivery_delay_hours=145.00 (IQR bounds: -7.48-46.28),flagged
1459,avg_delivery_delay_hours,72.2,Likely Real,avg_delivery_delay_hours=72.20 (IQR bounds: -7.48-46.28),flagged
1561,avg_delivery_delay_hours,50.52,Likely Real,avg_delivery_delay_hours=50.52 (IQR bounds: -7.48-46.28),flagged
1570,avg_delivery_delay_hours,145.0,Likely Real,avg_delivery_delay_hours=145.00 (IQR bounds: -7.48-46.28),flagged
1586,avg_delivery_delay_hours,180.0,Likely Real,avg_delivery_delay_hours=180.00 (IQR bounds: -7.48-46.28),flagged
1606,avg_delivery_delay_hours,59.68,Likely Real,avg_delivery_delay_hours=59.68 (IQR bounds: -7.48-46.28),flagged
1634,avg_delivery_delay_hours,46.81,Likely Real,avg_delivery_delay_hours=46.81 (IQR bounds: -7.48-46.28),flagged
1700,avg_delivery_delay_hours,50.7,Likely Real,avg_delivery_delay_hours=50.70 (IQR bounds: -7.48-46.28),flagged
1708,avg_delivery_delay_hours,220.0,Likely Real,avg_delivery_delay_hours=220.00 (IQR bounds: -7.48-46.28),flagged
1717,avg_delivery_delay_hours,180.0,Likely Real,avg_delivery_delay_hours=180.00 (IQR bounds: -7.48-46.28),flagged
1776,avg_delivery_delay_hours,47.28,Likely Real,avg_delivery_delay_hours=47.28 (IQR bounds: -7.48-46.28),flagged
1796,avg_delivery_delay_hours,220.0,Likely Real,avg_delivery_delay_hours=220.00 (IQR bounds: -7.48-46.28),flagged
1798,avg_delivery_delay_hours,46.85,Likely Real,avg_delivery_delay_hours=46.85 (IQR bounds: -7.48-46.28),flagged
1800,avg_delivery_delay_hours,145.0,Likely Real,avg_delivery_delay_hours=145.00 (IQR bounds: -7.48-46.28),flagged
1842,avg_delivery_delay_hours,360.0,Likely Real,avg_delivery_delay_hours=360.00 (IQR bounds: -7.48-46.28),flagged
1872,avg_delivery_delay_hours,51.6,Likely Real,avg_delivery_delay_hours=51.60 (IQR bounds: -7.48-46.28),flagged
1941,avg_delivery_delay_hours,64.78,Likely Real,avg_delivery_delay_hours=64.78 (IQR bounds: -7.48-46.28),flagged
1951,avg_delivery_delay_hours,145.0,Likely Real,avg_delivery_delay_hours=145.00 (IQR bounds: -7.48-46.28),flagged
1958,avg_delivery_delay_hours,55.76,Likely Real,avg_delivery_delay_hours=55.76 (IQR bounds: -7.48-46.28),flagged
1983,avg_delivery_delay_hours,145.0,Likely Real,avg_delivery_delay_hours=145.00 (IQR bounds: -7.48-46.28),flagged
1985,avg_delivery_delay_hours,180.0,Likely Real,avg_delivery_delay_hours=180.00 (IQR bounds: -7.48-46.28),flagged
2028,avg_delivery_delay_hours,55.21,Likely Real,avg_delivery_delay_hours=55.21 (IQR bounds: -7.48-46.28),flagged
2039,avg_delivery_delay_hours,46.85,Likely Real,avg_delivery_delay_hours=46.85 (IQR bounds: -7.48-46.28),flagged
2043,avg_delivery_delay_hours,50.09,Likely Real,avg_delivery_delay_hours=50.09 (IQR bounds: -7.48-46.28),flagged
2061,avg_delivery_delay_hours,145.0,Likely Real,avg_delivery_delay_hours=145.00 (IQR bounds: -7.48-46.28),flagged
2084,avg_delivery_delay_hours,50.42,Likely Real,avg_delivery_delay_hours=50.42 (IQR bounds: -7.48-46.28),flagged
2085,avg_delivery_delay_hours,47.0,Likely Real,avg_delivery_delay_hours=47.00 (IQR bounds: -7.48-46.28),flagged
2088,avg_delivery_delay_hours,51.28,Likely Real,avg_delivery_delay_hours=51.28 (IQR bounds: -7.48-46.28),flagged
2097,avg_delivery_delay_hours,48.94,Likely Real,avg_delivery_delay_hours=48.94 (IQR bounds: -7.48-46.28),flagged
2177,avg_delivery_delay_hours,180.0,Likely Real,avg_delivery_delay_hours=180.00 (IQR bounds: -7.48-46.28),flagged
2194,avg_delivery_delay_hours,69.96,Likely Real,avg_delivery_delay_hours=69.96 (IQR bounds: -7.48-46.28),flagged
1,discount_ratio,0.651,Likely Real,discount_ratio=0.65 (IQR bounds: -0.13-0.60),flagged
24,discount_ratio,0.626,Likely Real,discount_ratio=0.63 (IQR bounds: -0.13-0.60),flagged
114,discount_ratio,0.626,Likely Real,discount_ratio=0.63 (IQR bounds: -0.13-0.60),flagged
116,discount_ratio,1.15,Likely Real,discount_ratio=1.15 (IQR bounds: -0.13-0.60),flagged
236,discount_ratio,0.683,Likely Real,discount_ratio=0.68 (IQR bounds: -0.13-0.60),flagged
242,discount_ratio,0.623,Likely Real,discount_ratio=0.62 (IQR bounds: -0.13-0.60),flagged
328,discount_ratio,0.72,Likely Real,discount_ratio=0.72 (IQR bounds: -0.13-0.60),flagged
404,discount_ratio,1.15,Likely Real,discount_ratio=1.15 (IQR bounds: -0.13-0.60),flagged
415,discount_ratio,0.644,Likely Real,discount_ratio=0.64 (IQR bounds: -0.13-0.60),flagged
469,discount_ratio,1.4,Likely Real,discount_ratio=1.40 (IQR bounds: -0.13-0.60),flagged
476,discount_ratio,0.604,Likely Real,discount_ratio=0.60 (IQR bounds: -0.13-0.60),flagged
659,discount_ratio,0.719,Likely Real,discount_ratio=0.72 (IQR bounds: -0.13-0.60),flagged
693,discount_ratio,0.72,Likely Real,discount_ratio=0.72 (IQR bounds: -0.13-0.60),flagged
711,discount_ratio,0.67,Likely Real,discount_ratio=0.67 (IQR bounds: -0.13-0.60),flagged
760,discount_ratio,1.15,Likely Real,discount_ratio=1.15 (IQR bounds: -0.13-0.60),flagged
782,discount_ratio,0.662,Likely Real,discount_ratio=0.66 (IQR bounds: -0.13-0.60),flagged
845,discount_ratio,1.4,Likely Real,discount_ratio=1.40 (IQR bounds: -0.13-0.60),flagged
880,discount_ratio,0.613,Likely Real,discount_ratio=0.61 (IQR bounds: -0.13-0.60),flagged
910,discount_ratio,1.4,Likely Real,discount_ratio=1.40 (IQR bounds: -0.13-0.60),flagged
913,discount_ratio,1.4,Likely Real,discount_ratio=1.40 (IQR bounds: -0.13-0.60),flagged
962,discount_ratio,1.15,Likely Real,discount_ratio=1.15 (IQR bounds: -0.13-0.60),flagged
1010,discount_ratio,0.72,Likely Real,discount_ratio=0.72 (IQR bounds: -0.13-0.60),flagged
1081,discount_ratio,0.682,Likely Real,discount_ratio=0.68 (IQR bounds: -0.13-0.60),flagged
1090,discount_ratio,0.631,Likely Real,discount_ratio=0.63 (IQR bounds: -0.13-0.60),flagged
1133,discount_ratio,0.655,Likely Real,discount_ratio=0.66 (IQR bounds: -0.13-0.60),flagged
1181,discount_ratio,1.4,Likely Real,discount_ratio=1.40 (IQR bounds: -0.13-0.60),flagged
1188,discount_ratio,0.72,Likely Real,discount_ratio=0.72 (IQR bounds: -0.13-0.60),flagged
1202,discount_ratio,0.653,Likely Real,discount_ratio=0.65 (IQR bounds: -0.13-0.60),flagged
1362,discount_ratio,1.4,Likely Real,discount_ratio=1.40 (IQR bounds: -0.13-0.60),flagged
1366,discount_ratio,0.72,Likely Real,discount_ratio=0.72 (IQR bounds: -0.13-0.60),flagged
1607,discount_ratio,0.663,Likely Real,discount_ratio=0.66 (IQR bounds: -0.13-0.60),flagged
1750,discount_ratio,0.689,Likely Real,discount_ratio=0.69 (IQR bounds: -0.13-0.60),flagged
1797,discount_ratio,0.628,Likely Real,discount_ratio=0.63 (IQR bounds: -0.13-0.60),flagged
1864,discount_ratio,0.628,Likely Real,discount_ratio=0.63 (IQR bounds: -0.13-0.60),flagged
1866,discount_ratio,0.658,Likely Real,discount_ratio=0.66 (IQR bounds: -0.13-0.60),flagged
1871,discount_ratio,0.627,Likely Real,discount_ratio=0.63 (IQR bounds: -0.13-0.60),flagged
1919,discount_ratio,0.63,Likely Real,discount_ratio=0.63 (IQR bounds: -0.13-0.60),flagged
1964,discount_ratio,0.654,Likely Real,discount_ratio=0.65 (IQR bounds: -0.13-0.60),flagged
2017,discount_ratio,0.698,Likely Real,discount_ratio=0.70 (IQR bounds: -0.13-0.60),flagged
2144,discount_ratio,0.718,Likely Real,discount_ratio=0.72 (IQR bounds: -0.13-0.60),flagged
2169,discount_ratio,1.15,Likely Real,discount_ratio=1.15 (IQR bounds: -0.13-0.60),flagged
2214,discount_ratio,1.4,Likely Real,discount_ratio=1.40 (IQR bounds: -0.13-0.60),flagged
90,product_variety_score,5.2,Likely Real,product_variety_score=5.20 (IQR bounds: 12.60-111.80),flagged
285,product_variety_score,11.7,Likely Real,product_variety_score=11.70 (IQR bounds: 12.60-111.80),flagged
498,product_variety_score,4.6,Likely Real,product_variety_score=4.60 (IQR bounds: 12.60-111.80),flagged
527,product_variety_score,2.4,Likely Real,product_variety_score=2.40 (IQR bounds: 12.60-111.80),flagged
771,product_variety_score,8.2,Likely Real,product_variety_score=8.20 (IQR bounds: 12.60-111.80),flagged
901,product_variety_score,2.9,Likely Real,product_variety_score=2.90 (IQR bounds: 12.60-111.80),flagged
1149,product_variety_score,4.3,Likely Real,product_variety_score=4.30 (IQR bounds: 12.60-111.80),flagged
1309,product_variety_score,10.6,Likely Real,product_variety_score=10.60 (IQR bounds: 12.60-111.80),flagged
1420,product_variety_score,1.0,Likely Real,product_variety_score=1.00 (IQR bounds: 12.60-111.80),flagged
1442,product_variety_score,1.0,Likely Real,product_variety_score=1.00 (IQR bounds: 12.60-111.80),flagged
1559,product_variety_score,1.3,Likely Real,product_variety_score=1.30 (IQR bounds: 12.60-111.80),flagged
1930,product_variety_score,11.6,Likely Real,product_variety_score=11.60 (IQR bounds: 12.60-111.80),flagged
2133,product_variety_score,9.9,Likely Real,product_variety_score=9.90 (IQR bounds: 12.60-111.80),flagged
42,return_rate_90d,1.6,Likely Real,return_rate_90d=1.60 (IQR bounds: -0.07-0.23),flagged
61,return_rate_90d,0.23,Likely Real,return_rate_90d=0.23 (IQR bounds: -0.07-0.23),flagged
84,return_rate_90d,0.251,Likely Real,return_rate_90d=0.25 (IQR bounds: -0.07-0.23),flagged
95,return_rate_90d,0.33,Likely Real,return_rate_90d=0.33 (IQR bounds: -0.07-0.23),flagged
107,return_rate_90d,0.239,Likely Real,return_rate_90d=0.24 (IQR bounds: -0.07-0.23),flagged
110,return_rate_90d,0.306,Likely Real,return_rate_90d=0.31 (IQR bounds: -0.07-0.23),flagged
112,return_rate_90d,0.229,Likely Real,return_rate_90d=0.23 (IQR bounds: -0.07-0.23),flagged
209,return_rate_90d,0.278,Likely Real,return_rate_90d=0.28 (IQR bounds: -0.07-0.23),flagged
280,return_rate_90d,0.365,Likely Real,return_rate_90d=0.36 (IQR bounds: -0.07-0.23),flagged
307,return_rate_90d,1.6,Likely Real,return_rate_90d=1.60 (IQR bounds: -0.07-0.23),flagged
335,return_rate_90d,0.258,Likely Real,return_rate_90d=0.26 (IQR bounds: -0.07-0.23),flagged
336,return_rate_90d,0.31,Likely Real,return_rate_90d=0.31 (IQR bounds: -0.07-0.23),flagged
367,return_rate_90d,0.28,Likely Real,return_rate_90d=0.28 (IQR bounds: -0.07-0.23),flagged
398,return_rate_90d,0.262,Likely Real,return_rate_90d=0.26 (IQR bounds: -0.07-0.23),flagged
455,return_rate_90d,0.39,Likely Real,return_rate_90d=0.39 (IQR bounds: -0.07-0.23),flagged
549,return_rate_90d,0.316,Likely Real,return_rate_90d=0.32 (IQR bounds: -0.07-0.23),flagged
558,return_rate_90d,0.275,Likely Real,return_rate_90d=0.28 (IQR bounds: -0.07-0.23),flagged
568,return_rate_90d,0.23,Likely Real,return_rate_90d=0.23 (IQR bounds: -0.07-0.23),flagged
610,return_rate_90d,1.6,Likely Real,return_rate_90d=1.60 (IQR bounds: -0.07-0.23),flagged
613,return_rate_90d,0.248,Likely Real,return_rate_90d=0.25 (IQR bounds: -0.07-0.23),flagged
618,return_rate_90d,0.255,Likely Real,return_rate_90d=0.26 (IQR bounds: -0.07-0.23),flagged
648,return_rate_90d,0.242,Likely Real,return_rate_90d=0.24 (IQR bounds: -0.07-0.23),flagged
682,return_rate_90d,0.241,Likely Real,return_rate_90d=0.24 (IQR bounds: -0.07-0.23),flagged
684,return_rate_90d,0.228,Likely Real,return_rate_90d=0.23 (IQR bounds: -0.07-0.23),flagged
783,return_rate_90d,0.342,Likely Real,return_rate_90d=0.34 (IQR bounds: -0.07-0.23),flagged
836,return_rate_90d,0.243,Likely Real,return_rate_90d=0.24 (IQR bounds: -0.07-0.23),flagged
843,return_rate_90d,0.327,Likely Real,return_rate_90d=0.33 (IQR bounds: -0.07-0.23),flagged
871,return_rate_90d,0.315,Likely Real,return_rate_90d=0.32 (IQR bounds: -0.07-0.23),flagged
901,return_rate_90d,0.234,Likely Real,return_rate_90d=0.23 (IQR bounds: -0.07-0.23),flagged
913,return_rate_90d,0.269,Likely Real,return_rate_90d=0.27 (IQR bounds: -0.07-0.23),flagged
939,return_rate_90d,1.2,Likely Real,return_rate_90d=1.20 (IQR bounds: -0.07-0.23),flagged
940,return_rate_90d,0.319,Likely Real,return_rate_90d=0.32 (IQR bounds: -0.07-0.23),flagged
967,return_rate_90d,0.277,Likely Real,return_rate_90d=0.28 (IQR bounds: -0.07-0.23),flagged
987,return_rate_90d,0.298,Likely Real,return_rate_90d=0.30 (IQR bounds: -0.07-0.23),flagged
1002,return_rate_90d,1.2,Likely Real,return_rate_90d=1.20 (IQR bounds: -0.07-0.23),flagged
1011,return_rate_90d,0.259,Likely Real,return_rate_90d=0.26 (IQR bounds: -0.07-0.23),flagged
1080,return_rate_90d,0.281,Likely Real,return_rate_90d=0.28 (IQR bounds: -0.07-0.23),flagged
1085,return_rate_90d,1.6,Likely Real,return_rate_90d=1.60 (IQR bounds: -0.07-0.23),flagged
1109,return_rate_90d,0.244,Likely Real,return_rate_90d=0.24 (IQR bounds: -0.07-0.23),flagged
1113,return_rate_90d,0.399,Likely Real,return_rate_90d=0.40 (IQR bounds: -0.07-0.23),flagged
1197,return_rate_90d,0.257,Likely Real,return_rate_90d=0.26 (IQR bounds: -0.07-0.23),flagged
1202,return_rate_90d,1.2,Likely Real,return_rate_90d=1.20 (IQR bounds: -0.07-0.23),flagged
1211,return_rate_90d,1.2,Likely Real,return_rate_90d=1.20 (IQR bounds: -0.07-0.23),flagged
1213,return_rate_90d,0.4,Likely Real,return_rate_90d=0.40 (IQR bounds: -0.07-0.23),flagged
1248,return_rate_90d,0.281,Likely Real,return_rate_90d=0.28 (IQR bounds: -0.07-0.23),flagged
1251,return_rate_90d,0.252,Likely Real,return_rate_90d=0.25 (IQR bounds: -0.07-0.23),flagged
1272,return_rate_90d,0.284,Likely Real,return_rate_90d=0.28 (IQR bounds: -0.07-0.23),flagged
1285,return_rate_90d,0.411,Likely Real,return_rate_90d=0.41 (IQR bounds: -0.07-0.23),flagged
1297,return_rate_90d,0.261,Likely Real,return_rate_90d=0.26 (IQR bounds: -0.07-0.23),flagged
1329,return_rate_90d,0.239,Likely Real,return_rate_90d=0.24 (IQR bounds: -0.07-0.23),flagged
1452,return_rate_90d,1.2,Likely Real,return_rate_90d=1.20 (IQR bounds: -0.07-0.23),flagged
1467,return_rate_90d,0.301,Likely Real,return_rate_90d=0.30 (IQR bounds: -0.07-0.23),flagged
1537,return_rate_90d,0.281,Likely Real,return_rate_90d=0.28 (IQR bounds: -0.07-0.23),flagged
1543,return_rate_90d,0.237,Likely Real,return_rate_90d=0.24 (IQR bounds: -0.07-0.23),flagged
1584,return_rate_90d,0.23,Likely Real,return_rate_90d=0.23 (IQR bounds: -0.07-0.23),flagged
1585,return_rate_90d,0.254,Likely Real,return_rate_90d=0.25 (IQR bounds: -0.07-0.23),flagged
1615,return_rate_90d,0.227,Likely Real,return_rate_90d=0.23 (IQR bounds: -0.07-0.23),flagged
1617,return_rate_90d,0.239,Likely Real,return_rate_90d=0.24 (IQR bounds: -0.07-0.23),flagged
1695,return_rate_90d,0.439,Likely Real,return_rate_90d=0.44 (IQR bounds: -0.07-0.23),flagged
1696,return_rate_90d,0.252,Likely Real,return_rate_90d=0.25 (IQR bounds: -0.07-0.23),flagged
1698,return_rate_90d,0.244,Likely Real,return_rate_90d=0.24 (IQR bounds: -0.07-0.23),flagged
1699,return_rate_90d,0.342,Likely Real,return_rate_90d=0.34 (IQR bounds: -0.07-0.23),flagged
1793,return_rate_90d,0.351,Likely Real,return_rate_90d=0.35 (IQR bounds: -0.07-0.23),flagged
1851,return_rate_90d,0.254,Likely Real,return_rate_90d=0.25 (IQR bounds: -0.07-0.23),flagged
1900,return_rate_90d,0.228,Likely Real,return_rate_90d=0.23 (IQR bounds: -0.07-0.23),flagged
1907,return_rate_90d,1.2,Likely Real,return_rate_90d=1.20 (IQR bounds: -0.07-0.23),flagged
1922,return_rate_90d,0.3,Likely Real,return_rate_90d=0.30 (IQR bounds: -0.07-0.23),flagged
2048,return_rate_90d,0.276,Likely Real,return_rate_90d=0.28 (IQR bounds: -0.07-0.23),flagged
2067,return_rate_90d,0.277,Likely Real,return_rate_90d=0.28 (IQR bounds: -0.07-0.23),flagged
2101,return_rate_90d,0.316,Likely Real,return_rate_90d=0.32 (IQR bounds: -0.07-0.23),flagged
2150,return_rate_90d,0.307,Likely Real,return_rate_90d=0.31 (IQR bounds: -0.07-0.23),flagged
2206,return_rate_90d,0.251,Likely Real,return_rate_90d=0.25 (IQR bounds: -0.07-0.23),flagged
73,days_since_last_order,87.9,Likely Real,days_since_last_order=87.90 (IQR bounds: -12.20-69.40),flagged
104,days_since_last_order,71.1,Likely Real,days_since_last_order=71.10 (IQR bounds: -12.20-69.40),flagged
155,days_since_last_order,69.6,Likely Real,days_since_last_order=69.60 (IQR bounds: -12.20-69.40),flagged
192,days_since_last_order,71.4,Likely Real,days_since_last_order=71.40 (IQR bounds: -12.20-69.40),flagged
241,days_since_last_order,91.3,Likely Real,days_since_last_order=91.30 (IQR bounds: -12.20-69.40),flagged
321,days_since_last_order,79.5,Likely Real,days_since_last_order=79.50 (IQR bounds: -12.20-69.40),flagged
348,days_since_last_order,85.7,Likely Real,days_since_last_order=85.70 (IQR bounds: -12.20-69.40),flagged
409,days_since_last_order,84.4,Likely Real,days_since_last_order=84.40 (IQR bounds: -12.20-69.40),flagged
495,days_since_last_order,89.7,Likely Real,days_since_last_order=89.70 (IQR bounds: -12.20-69.40),flagged
581,days_since_last_order,73.3,Likely Real,days_since_last_order=73.30 (IQR bounds: -12.20-69.40),flagged
626,days_since_last_order,78.9,Likely Real,days_since_last_order=78.90 (IQR bounds: -12.20-69.40),flagged
632,days_since_last_order,86.0,Likely Real,days_since_last_order=86.00 (IQR bounds: -12.20-69.40),flagged
645,days_since_last_order,78.5,Likely Real,days_since_last_order=78.50 (IQR bounds: -12.20-69.40),flagged
646,days_since_last_order,77.5,Likely Real,days_since_last_order=77.50 (IQR bounds: -12.20-69.40),flagged
653,days_since_last_order,87.6,Likely Real,days_since_last_order=87.60 (IQR bounds: -12.20-69.40),flagged
656,days_since_last_order,80.1,Likely Real,days_since_last_order=80.10 (IQR bounds: -12.20-69.40),flagged
657,days_since_last_order,73.9,Likely Real,days_since_last_order=73.90 (IQR bounds: -12.20-69.40),flagged
669,days_since_last_order,69.9,Likely Real,days_since_last_order=69.90 (IQR bounds: -12.20-69.40),flagged
670,days_since_last_order,72.6,Likely Real,days_since_last_order=72.60 (IQR bounds: -12.20-69.40),flagged
724,days_since_last_order,82.7,Likely Real,days_since_last_order=82.70 (IQR bounds: -12.20-69.40),flagged
733,days_since_last_order,73.8,Likely Real,days_since_last_order=73.80 (IQR bounds: -12.20-69.40),flagged
841,days_since_last_order,72.3,Likely Real,days_since_last_order=72.30 (IQR bounds: -12.20-69.40),flagged
954,days_since_last_order,91.8,Likely Real,days_since_last_order=91.80 (IQR bounds: -12.20-69.40),flagged
990,days_since_last_order,88.6,Likely Real,days_since_last_order=88.60 (IQR bounds: -12.20-69.40),flagged
1102,days_since_last_order,77.0,Likely Real,days_since_last_order=77.00 (IQR bounds: -12.20-69.40),flagged
1194,days_since_last_order,71.9,Likely Real,days_since_last_order=71.90 (IQR bounds: -12.20-69.40),flagged
1221,days_since_last_order,75.5,Likely Real,days_since_last_order=75.50 (IQR bounds: -12.20-69.40),flagged
1257,days_since_last_order,75.4,Likely Real,days_since_last_order=75.40 (IQR bounds: -12.20-69.40),flagged
1259,days_since_last_order,75.5,Likely Real,days_since_last_order=75.50 (IQR bounds: -12.20-69.40),flagged
1260,days_since_last_order,103.9,Likely Real,days_since_last_order=103.90 (IQR bounds: -12.20-69.40),flagged
1276,days_since_last_order,94.6,Likely Real,days_since_last_order=94.60 (IQR bounds: -12.20-69.40),flagged
1294,days_since_last_order,75.9,Likely Real,days_since_last_order=75.90 (IQR bounds: -12.20-69.40),flagged
1296,days_since_last_order,78.5,Likely Real,days_since_last_order=78.50 (IQR bounds: -12.20-69.40),flagged
1317,days_since_last_order,84.8,Likely Real,days_since_last_order=84.80 (IQR bounds: -12.20-69.40),flagged
1331,days_since_last_order,74.4,Likely Real,days_since_last_order=74.40 (IQR bounds: -12.20-69.40),flagged
1334,days_since_last_order,79.4,Likely Real,days_since_last_order=79.40 (IQR bounds: -12.20-69.40),flagged
1341,days_since_last_order,80.9,Likely Real,days_since_last_order=80.90 (IQR bounds: -12.20-69.40),flagged
1343,days_since_last_order,89.4,Likely Real,days_since_last_order=89.40 (IQR bounds: -12.20-69.40),flagged
1360,days_since_last_order,85.4,Likely Real,days_since_last_order=85.40 (IQR bounds: -12.20-69.40),flagged
1380,days_since_last_order,77.7,Likely Real,days_since_last_order=77.70 (IQR bounds: -12.20-69.40),flagged
1438,days_since_last_order,120.0,Likely Real,days_since_last_order=120.00 (IQR bounds: -12.20-69.40),flagged
1472,days_since_last_order,73.6,Likely Real,days_since_last_order=73.60 (IQR bounds: -12.20-69.40),flagged
1485,days_since_last_order,84.0,Likely Real,days_since_last_order=84.00 (IQR bounds: -12.20-69.40),flagged
1506,days_since_last_order,69.4,Likely Real,days_since_last_order=69.40 (IQR bounds: -12.20-69.40),flagged
1512,days_since_last_order,86.0,Likely Real,days_since_last_order=86.00 (IQR bounds: -12.20-69.40),flagged
1528,days_since_last_order,82.1,Likely Real,days_since_last_order=82.10 (IQR bounds: -12.20-69.40),flagged
1538,days_since_last_order,94.0,Likely Real,days_since_last_order=94.00 (IQR bounds: -12.20-69.40),flagged
1599,days_since_last_order,96.8,Likely Real,days_since_last_order=96.80 (IQR bounds: -12.20-69.40),flagged
1641,days_since_last_order,76.7,Likely Real,days_since_last_order=76.70 (IQR bounds: -12.20-69.40),flagged
1668,days_since_last_order,81.2,Likely Real,days_since_last_order=81.20 (IQR bounds: -12.20-69.40),flagged
1696,days_since_last_order,82.6,Likely Real,days_since_last_order=82.60 (IQR bounds: -12.20-69.40),flagged
1762,days_since_last_order,71.8,Likely Real,days_since_last_order=71.80 (IQR bounds: -12.20-69.40),flagged
1801,days_since_last_order,72.1,Likely Real,days_since_last_order=72.10 (IQR bounds: -12.20-69.40),flagged
1806,days_since_last_order,81.2,Likely Real,days_since_last_order=81.20 (IQR bounds: -12.20-69.40),flagged
1868,days_since_last_order,72.9,Likely Real,days_since_last_order=72.90 (IQR bounds: -12.20-69.40),flagged
1941,days_since_last_order,77.0,Likely Real,days_since_last_order=77.00 (IQR bounds: -12.20-69.40),flagged
1949,days_since_last_order,72.7,Likely Real,days_since_last_order=72.70 (IQR bounds: -12.20-69.40),flagged
1983,days_since_last_order,120.0,Likely Real,days_since_last_order=120.00 (IQR bounds: -12.20-69.40),flagged
2059,days_since_last_order,77.7,Likely Real,days_since_last_order=77.70 (IQR bounds: -12.20-69.40),flagged
2143,days_since_last_order,87.8,Likely Real,days_since_last_order=87.80 (IQR bounds: -12.20-69.40),flagged
2193,days_since_last_order,120.0,Likely Real,days_since_last_order=120.00 (IQR bounds: -12.20-69.40),flagged
2223,days_since_last_order,69.7,Likely Real,days_since_last_order=69.70 (IQR bounds: -12.20-69.40),flagged
19,account_status_30d,1.0,Likely Real,account_status_30d=1.00 (IQR bounds: 0.00-0.00),flagged
26,account_status_30d,1.0,Likely Real,account_status_30d=1.00 (IQR bounds: 0.00-0.00),flagged
30,account_status_30d,1.0,Likely Real,account_status_30d=1.00 (IQR bounds: 0.00-0.00),flagged
42,account_status_30d,1.0,Likely Real,account_status_30d=1.00 (IQR bounds: 0.00-0.00),flagged
44,account_status_30d,1.0,Likely Real,account_status_30d=1.00 (IQR bounds: 0.00-0.00),flagged
45,account_status_30d,1.0,Likely Real,account_status_30d=1.00 (IQR bounds: 0.00-0.00),flagged
72,account_status_30d,1.0,Likely Real,account_status_30d=1.00 (IQR bounds: 0.00-0.00),flagged
75,account_status_30d,1.0,Likely Real,account_status_30d=1.00 (IQR bounds: 0.00-0.00),flagged
77,account_status_30d,1.0,Likely Real,account_status_30d=1.00 (IQR bounds: 0.00-0.00),flagged
87,account_status_30d,1.0,Likely Real,account_status_30d=1.00 (IQR bounds: 0.00-0.00),flagged
91,account_status_30d,1.0,Likely Real,account_status_30d=1.00 (IQR bounds: 0.00-0.00),flagged
107,account_status_30d,1.0,Likely Real,account_status_30d=1.00 (IQR bounds: 0.00-0.00),flagged
109,account_status_30d,1.0,Likely Real,account_status_30d=1.00 (IQR bounds: 0.00-0.00),flagged
114,account_status_30d,1.0,Likely Real,account_status_30d=1.00 (IQR bounds: 0.00-0.00),flagged
121,account_status_30d,1.0,Likely Real,account_status_30d=1.00 (IQR bounds: 0.00-0.00),flagged
123,account_status_30d,1.0,Likely Real,account_status_30d=1.00 (IQR bounds: 0.00-0.00),flagged
129,account_status_30d,1.0,Likely Real,account_status_30d=1.00 (IQR bounds: 0.00-0.00),flagged
131,account_status_30d,1.0,Likely Real,account_status_30d=1.00 (IQR bounds: 0.00-0.00),flagged
158,account_status_30d,1.0,Likely Real,account_status_30d=1.00 (IQR bounds: 0.00-0.00),flagged
169,account_status_30d,1.0,Likely Real,account_status_30d=1.00 (IQR bounds: 0.00-0.00),flagged
183,account_status_30d,1.0,Likely Real,account_status_30d=1.00 (IQR bounds: 0.00-0.00),flagged
184,account_status_30d,1.0,Likely Real,account_status_30d=1.00 (IQR bounds: 0.00-0.00),flagged
208,account_status_30d,1.0,Likely Real,account_status_30d=1.00 (IQR bounds: 0.00-0.00),flagged
251,account_status_30d,1.0,Likely Real,account_status_30d=1.00 (IQR bounds: 0.00-0.00),flagged
264,account_status_30d,1.0,Likely Real,account_status_30d=1.00 (IQR bounds: 0.00-0.00),flagged
267,account_status_30d,1.0,Likely Real,account_status_30d=1.00 (IQR bounds: 0.00-0.00),flagged
271,account_status_30d,1.0,Likely Real,account_status_30d=1.00 (IQR bounds: 0.00-0.00),flagged
277,account_status_30d,1.0,Likely Real,account_status_30d=1.00 (IQR bounds: 0.00-0.00),flagged
287,account_status_30d,1.0,Likely Real,account_status_30d=1.00 (IQR bounds: 0.00-0.00),flagged
294,account_status_30d,1.0,Likely Real,account_status_30d=1.00 (IQR bounds: 0.00-0.00),flagged
298,account_status_30d,1.0,Likely Real,account_status_30d=1.00 (IQR bounds: 0.00-0.00),flagged
299,account_status_30d,1.0,Likely Real,account_status_30d=1.00 (IQR bounds: 0.00-0.00),flagged
314,account_status_30d,1.0,Likely Real,account_status_30d=1.00 (IQR bounds: 0.00-0.00),flagged
339,account_status_30d,1.0,Likely Real,account_status_30d=1.00 (IQR bounds: 0.00-0.00),flagged
345,account_status_30d,1.0,Likely Real,account_status_30d=1.00 (IQR bounds: 0.00-0.00),flagged
349,account_status_30d,1.0,Likely Real,account_status_30d=1.00 (IQR bounds: 0.00-0.00),flagged
350,account_status_30d,1.0,Likely Real,account_status_30d=1.00 (IQR bounds: 0.00-0.00),flagged
355,account_status_30d,1.0,Likely Real,account_status_30d=1.00 (IQR bounds: 0.00-0.00),flagged
361,account_status_30d,1.0,Likely Real,account_status_30d=1.00 (IQR bounds: 0.00-0.00),flagged
372,account_status_30d,1.0,Likely Real,account_status_30d=1.00 (IQR bounds: 0.00-0.00),flagged
374,account_status_30d,1.0,Likely Real,account_status_30d=1.00 (IQR bounds: 0.00-0.00),flagged
376,account_status_30d,1.0,Likely Real,account_status_30d=1.00 (IQR bounds: 0.00-0.00),flagged
390,account_status_30d,1.0,Likely Real,account_status_30d=1.00 (IQR bounds: 0.00-0.00),flagged
392,account_status_30d,1.0,Likely Real,account_status_30d=1.00 (IQR bounds: 0.00-0.00),flagged
395,account_status_30d,1.0,Likely Real,account_status_30d=1.00 (IQR bounds: 0.00-0.00),flagged
403,account_status_30d,1.0,Likely Real,account_status_30d=1.00 (IQR bounds: 0.00-0.00),flagged
413,account_status_30d,1.0,Likely Real,account_status_30d=1.00 (IQR bounds: 0.00-0.00),flagged
428,account_status_30d,1.0,Likely Real,account_status_30d=1.00 (IQR bounds: 0.00-0.00),flagged
435,account_status_30d,1.0,Likely Real,account_status_30d=1.00 (IQR bounds: 0.00-0.00),flagged
442,account_status_30d,1.0,Likely Real,account_status_30d=1.00 (IQR bounds: 0.00-0.00),flagged
445,account_status_30d,1.0,Likely Real,account_status_30d=1.00 (IQR bounds: 0.00-0.00),flagged
447,account_status_30d,1.0,Likely Real,account_status_30d=1.00 (IQR bounds: 0.00-0.00),flagged
451,account_status_30d,1.0,Likely Real,account_status_30d=1.00 (IQR bounds: 0.00-0.00),flagged
464,account_status_30d,1.0,Likely Real,account_status_30d=1.00 (IQR bounds: 0.00-0.00),flagged
467,account_status_30d,1.0,Likely Real,account_status_30d=1.00 (IQR bounds: 0.00-0.00),flagged
480,account_status_30d,1.0,Likely Real,account_status_30d=1.00 (IQR bounds: 0.00-0.00),flagged
482,account_status_30d,1.0,Likely Real,account_status_30d=1.00 (IQR bounds: 0.00-0.00),flagged
488,account_status_30d,1.0,Likely Real,account_status_30d=1.00 (IQR bounds: 0.00-0.00),flagged
489,account_status_30d,1.0,Likely Real,account_status_30d=1.00 (IQR bounds: 0.00-0.00),flagged
509,account_status_30d,1.0,Likely Real,account_status_30d=1.00 (IQR bounds: 0.00-0.00),flagged
516,account_status_30d,1.0,Likely Real,account_status_30d=1.00 (IQR bounds: 0.00-0.00),flagged
518,account_status_30d,1.0,Likely Real,account_status_30d=1.00 (IQR bounds: 0.00-0.00),flagged
520,account_status_30d,1.0,Likely Real,account_status_30d=1.00 (IQR bounds: 0.00-0.00),flagged
524,account_status_30d,1.0,Likely Real,account_status_30d=1.00 (IQR bounds: 0.00-0.00),flagged
527,account_status_30d,1.0,Likely Real,account_status_30d=1.00 (IQR bounds: 0.00-0.00),flagged
537,account_status_30d,1.0,Likely Real,account_status_30d=1.00 (IQR bounds: 0.00-0.00),flagged
549,account_status_30d,1.0,Likely Real,account_status_30d=1.00 (IQR bounds: 0.00-0.00),flagged
555,account_status_30d,1.0,Likely Real,account_status_30d=1.00 (IQR bounds: 0.00-0.00),flagged
559,account_status_30d,1.0,Likely Real,account_status_30d=1.00 (IQR bounds: 0.00-0.00),flagged
569,account_status_30d,1.0,Likely Real,account_status_30d=1.00 (IQR bounds: 0.00-0.00),flagged
597,account_status_30d,1.0,Likely Real,account_status_30d=1.00 (IQR bounds: 0.00-0.00),flagged
603,account_status_30d,1.0,Likely Real,account_status_30d=1.00 (IQR bounds: 0.00-0.00),flagged
608,account_status_30d,1.0,Likely Real,account_status_30d=1.00 (IQR bounds: 0.00-0.00),flagged
609,account_status_30d,1.0,Likely Real,account_status_30d=1.00 (IQR bounds: 0.00-0.00),flagged
611,account_status_30d,1.0,Likely Real,account_status_30d=1.00 (IQR bounds: 0.00-0.00),flagged
622,account_status_30d,1.0,Likely Real,account_status_30d=1.00 (IQR bounds: 0.00-0.00),flagged
624,account_status_30d,1.0,Likely Real,account_status_30d=1.00 (IQR bounds: 0.00-0.00),flagged
655,account_status_30d,1.0,Likely Real,account_status_30d=1.00 (IQR bounds: 0.00-0.00),flagged
663,account_status_30d,1.0,Likely Real,account_status_30d=1.00 (IQR bounds: 0.00-0.00),flagged
666,account_status_30d,1.0,Likely Real,account_status_30d=1.00 (IQR bounds: 0.00-0.00),flagged
667,account_status_30d,1.0,Likely Real,account_status_30d=1.00 (IQR bounds: 0.00-0.00),flagged
677,account_status_30d,1.0,Likely Real,account_status_30d=1.00 (IQR bounds: 0.00-0.00),flagged
692,account_status_30d,1.0,Likely Real,account_status_30d=1.00 (IQR bounds: 0.00-0.00),flagged
700,account_status_30d,1.0,Likely Real,account_status_30d=1.00 (IQR bounds: 0.00-0.00),flagged
707,account_status_30d,1.0,Likely Real,account_status_30d=1.00 (IQR bounds: 0.00-0.00),flagged
721,account_status_30d,1.0,Likely Real,account_status_30d=1.00 (IQR bounds: 0.00-0.00),flagged
729,account_status_30d,1.0,Likely Real,account_status_30d=1.00 (IQR bounds: 0.00-0.00),flagged
732,account_status_30d,1.0,Likely Real,account_status_30d=1.00 (IQR bounds: 0.00-0.00),flagged
737,account_status_30d,1.0,Likely Real,account_status_30d=1.00 (IQR bounds: 0.00-0.00),flagged
739,account_status_30d,1.0,Likely Real,account_status_30d=1.00 (IQR bounds: 0.00-0.00),flagged
750,account_status_30d,1.0,Likely Real,account_status_30d=1.00 (IQR bounds: 0.00-0.00),flagged
756,account_status_30d,1.0,Likely Real,account_status_30d=1.00 (IQR bounds: 0.00-0.00),flagged
771,account_status_30d,1.0,Likely Real,account_status_30d=1.00 (IQR bounds: 0.00-0.00),flagged
785,account_status_30d,1.0,Likely Real,account_status_30d=1.00 (IQR bounds: 0.00-0.00),flagged
792,account_status_30d,1.0,Likely Real,account_status_30d=1.00 (IQR bounds: 0.00-0.00),flagged
807,account_status_30d,1.0,Likely Real,account_status_30d=1.00 (IQR bounds: 0.00-0.00),flagged
814,account_status_30d,1.0,Likely Real,account_status_30d=1.00 (IQR bounds: 0.00-0.00),flagged
826,account_status_30d,1.0,Likely Real,account_status_30d=1.00 (IQR bounds: 0.00-0.00),flagged
843,account_status_30d,1.0,Likely Real,account_status_30d=1.00 (IQR bounds: 0.00-0.00),flagged
844,account_status_30d,1.0,Likely Real,account_status_30d=1.00 (IQR bounds: 0.00-0.00),flagged
847,account_status_30d,1.0,Likely Real,account_status_30d=1.00 (IQR bounds: 0.00-0.00),flagged
850,account_status_30d,1.0,Likely Real,account_status_30d=1.00 (IQR bounds: 0.00-0.00),flagged
851,account_status_30d,1.0,Likely Real,account_status_30d=1.00 (IQR bounds: 0.00-0.00),flagged
857,account_status_30d,1.0,Likely Real,account_status_30d=1.00 (IQR bounds: 0.00-0.00),flagged
863,account_status_30d,1.0,Likely Real,account_status_30d=1.00 (IQR bounds: 0.00-0.00),flagged
867,account_status_30d,1.0,Likely Real,account_status_30d=1.00 (IQR bounds: 0.00-0.00),flagged
904,account_status_30d,1.0,Likely Real,account_status_30d=1.00 (IQR bounds: 0.00-0.00),flagged
907,account_status_30d,1.0,Likely Real,account_status_30d=1.00 (IQR bounds: 0.00-0.00),flagged
911,account_status_30d,1.0,Likely Real,account_status_30d=1.00 (IQR bounds: 0.00-0.00),flagged
917,account_status_30d,1.0,Likely Real,account_status_30d=1.00 (IQR bounds: 0.00-0.00),flagged
926,account_status_30d,1.0,Likely Real,account_status_30d=1.00 (IQR bounds: 0.00-0.00),flagged
929,account_status_30d,1.0,Likely Real,account_status_30d=1.00 (IQR bounds: 0.00-0.00),flagged
933,account_status_30d,1.0,Likely Real,account_status_30d=1.00 (IQR bounds: 0.00-0.00),flagged
940,account_status_30d,1.0,Likely Real,account_status_30d=1.00 (IQR bounds: 0.00-0.00),flagged
942,account_status_30d,1.0,Likely Real,account_status_30d=1.00 (IQR bounds: 0.00-0.00),flagged
967,account_status_30d,1.0,Likely Real,account_status_30d=1.00 (IQR bounds: 0.00-0.00),flagged
968,account_status_30d,1.0,Likely Real,account_status_30d=1.00 (IQR bounds: 0.00-0.00),flagged
969,account_status_30d,1.0,Likely Real,account_status_30d=1.00 (IQR bounds: 0.00-0.00),flagged
970,account_status_30d,1.0,Likely Real,account_status_30d=1.00 (IQR bounds: 0.00-0.00),flagged
977,account_status_30d,1.0,Likely Real,account_status_30d=1.00 (IQR bounds: 0.00-0.00),flagged
982,account_status_30d,1.0,Likely Real,account_status_30d=1.00 (IQR bounds: 0.00-0.00),flagged
990,account_status_30d,1.0,Likely Real,account_status_30d=1.00 (IQR bounds: 0.00-0.00),flagged
1002,account_status_30d,1.0,Likely Real,account_status_30d=1.00 (IQR bounds: 0.00-0.00),flagged
1004,account_status_30d,1.0,Likely Real,account_status_30d=1.00 (IQR bounds: 0.00-0.00),flagged
1007,account_status_30d,1.0,Likely Real,account_status_30d=1.00 (IQR bounds: 0.00-0.00),flagged
1017,account_status_30d,1.0,Likely Real,account_status_30d=1.00 (IQR bounds: 0.00-0.00),flagged
1018,account_status_30d,1.0,Likely Real,account_status_30d=1.00 (IQR bounds: 0.00-0.00),flagged
1022,account_status_30d,1.0,Likely Real,account_status_30d=1.00 (IQR bounds: 0.00-0.00),flagged
1024,account_status_30d,1.0,Likely Real,account_status_30d=1.00 (IQR bounds: 0.00-0.00),flagged
1028,account_status_30d,1.0,Likely Real,account_status_30d=1.00 (IQR bounds: 0.00-0.00),flagged
1033,account_status_30d,1.0,Likely Real,account_status_30d=1.00 (IQR bounds: 0.00-0.00),flagged
1062,account_status_30d,1.0,Likely Real,account_status_30d=1.00 (IQR bounds: 0.00-0.00),flagged
1112,account_status_30d,1.0,Likely Real,account_status_30d=1.00 (IQR bounds: 0.00-0.00),flagged
1118,account_status_30d,1.0,Likely Real,account_status_30d=1.00 (IQR bounds: 0.00-0.00),flagged
1120,account_status_30d,1.0,Likely Real,account_status_30d=1.00 (IQR bounds: 0.00-0.00),flagged
1124,account_status_30d,1.0,Likely Real,account_status_30d=1.00 (IQR bounds: 0.00-0.00),flagged
1128,account_status_30d,1.0,Likely Real,account_status_30d=1.00 (IQR bounds: 0.00-0.00),flagged
1129,account_status_30d,1.0,Likely Real,account_status_30d=1.00 (IQR bounds: 0.00-0.00),flagged
1156,account_status_30d,1.0,Likely Real,account_status_30d=1.00 (IQR bounds: 0.00-0.00),flagged
1157,account_status_30d,1.0,Likely Real,account_status_30d=1.00 (IQR bounds: 0.00-0.00),flagged
1159,account_status_30d,1.0,Likely Real,account_status_30d=1.00 (IQR bounds: 0.00-0.00),flagged
1176,account_status_30d,1.0,Likely Real,account_status_30d=1.00 (IQR bounds: 0.00-0.00),flagged
1177,account_status_30d,1.0,Likely Real,account_status_30d=1.00 (IQR bounds: 0.00-0.00),flagged
1181,account_status_30d,1.0,Likely Real,account_status_30d=1.00 (IQR bounds: 0.00-0.00),flagged
1184,account_status_30d,1.0,Likely Real,account_status_30d=1.00 (IQR bounds: 0.00-0.00),flagged
1185,account_status_30d,1.0,Likely Real,account_status_30d=1.00 (IQR bounds: 0.00-0.00),flagged
1193,account_status_30d,1.0,Likely Real,account_status_30d=1.00 (IQR bounds: 0.00-0.00),flagged
1198,account_status_30d,1.0,Likely Real,account_status_30d=1.00 (IQR bounds: 0.00-0.00),flagged
1199,account_status_30d,1.0,Likely Real,account_status_30d=1.00 (IQR bounds: 0.00-0.00),flagged
1202,account_status_30d,1.0,Likely Real,account_status_30d=1.00 (IQR bounds: 0.00-0.00),flagged
1206,account_status_30d,1.0,Likely Real,account_status_30d=1.00 (IQR bounds: 0.00-0.00),flagged
1225,account_status_30d,1.0,Likely Real,account_status_30d=1.00 (IQR bounds: 0.00-0.00),flagged
1238,account_status_30d,1.0,Likely Real,account_status_30d=1.00 (IQR bounds: 0.00-0.00),flagged
1245,account_status_30d,1.0,Likely Real,account_status_30d=1.00 (IQR bounds: 0.00-0.00),flagged
1246,account_status_30d,1.0,Likely Real,account_status_30d=1.00 (IQR bounds: 0.00-0.00),flagged
1248,account_status_30d,1.0,Likely Real,account_status_30d=1.00 (IQR bounds: 0.00-0.00),flagged
1250,account_status_30d,1.0,Likely Real,account_status_30d=1.00 (IQR bounds: 0.00-0.00),flagged
1260,account_status_30d,1.0,Likely Real,account_status_30d=1.00 (IQR bounds: 0.00-0.00),flagged
1264,account_status_30d,1.0,Likely Real,account_status_30d=1.00 (IQR bounds: 0.00-0.00),flagged
1284,account_status_30d,1.0,Likely Real,account_status_30d=1.00 (IQR bounds: 0.00-0.00),flagged
1286,account_status_30d,1.0,Likely Real,account_status_30d=1.00 (IQR bounds: 0.00-0.00),flagged
1289,account_status_30d,1.0,Likely Real,account_status_30d=1.00 (IQR bounds: 0.00-0.00),flagged
1304,account_status_30d,1.0,Likely Real,account_status_30d=1.00 (IQR bounds: 0.00-0.00),flagged
1305,account_status_30d,1.0,Likely Real,account_status_30d=1.00 (IQR bounds: 0.00-0.00),flagged
1322,account_status_30d,1.0,Likely Real,account_status_30d=1.00 (IQR bounds: 0.00-0.00),flagged
1323,account_status_30d,1.0,Likely Real,account_status_30d=1.00 (IQR bounds: 0.00-0.00),flagged
1329,account_status_30d,1.0,Likely Real,account_status_30d=1.00 (IQR bounds: 0.00-0.00),flagged
1332,account_status_30d,1.0,Likely Real,account_status_30d=1.00 (IQR bounds: 0.00-0.00),flagged
1337,account_status_30d,1.0,Likely Real,account_status_30d=1.00 (IQR bounds: 0.00-0.00),flagged
1342,account_status_30d,1.0,Likely Real,account_status_30d=1.00 (IQR bounds: 0.00-0.00),flagged
1345,account_status_30d,1.0,Likely Real,account_status_30d=1.00 (IQR bounds: 0.00-0.00),flagged
1358,account_status_30d,1.0,Likely Real,account_status_30d=1.00 (IQR bounds: 0.00-0.00),flagged
1367,account_status_30d,1.0,Likely Real,account_status_30d=1.00 (IQR bounds: 0.00-0.00),flagged
1372,account_status_30d,1.0,Likely Real,account_status_30d=1.00 (IQR bounds: 0.00-0.00),flagged
1378,account_status_30d,1.0,Likely Real,account_status_30d=1.00 (IQR bounds: 0.00-0.00),flagged
1390,account_status_30d,1.0,Likely Real,account_status_30d=1.00 (IQR bounds: 0.00-0.00),flagged
1401,account_status_30d,1.0,Likely Real,account_status_30d=1.00 (IQR bounds: 0.00-0.00),flagged
1407,account_status_30d,1.0,Likely Real,account_status_30d=1.00 (IQR bounds: 0.00-0.00),flagged
1417,account_status_30d,1.0,Likely Real,account_status_30d=1.00 (IQR bounds: 0.00-0.00),flagged
1418,account_status_30d,1.0,Likely Real,account_status_30d=1.00 (IQR bounds: 0.00-0.00),flagged
1436,account_status_30d,1.0,Likely Real,account_status_30d=1.00 (IQR bounds: 0.00-0.00),flagged
1446,account_status_30d,1.0,Likely Real,account_status_30d=1.00 (IQR bounds: 0.00-0.00),flagged
1451,account_status_30d,1.0,Likely Real,account_status_30d=1.00 (IQR bounds: 0.00-0.00),flagged
1461,account_status_30d,1.0,Likely Real,account_status_30d=1.00 (IQR bounds: 0.00-0.00),flagged
1463,account_status_30d,1.0,Likely Real,account_status_30d=1.00 (IQR bounds: 0.00-0.00),flagged
1473,account_status_30d,1.0,Likely Real,account_status_30d=1.00 (IQR bounds: 0.00-0.00),flagged
1486,account_status_30d,1.0,Likely Real,account_status_30d=1.00 (IQR bounds: 0.00-0.00),flagged
1504,account_status_30d,1.0,Likely Real,account_status_30d=1.00 (IQR bounds: 0.00-0.00),flagged
1506,account_status_30d,1.0,Likely Real,account_status_30d=1.00 (IQR bounds: 0.00-0.00),flagged
1516,account_status_30d,1.0,Likely Real,account_status_30d=1.00 (IQR bounds: 0.00-0.00),flagged
1520,account_status_30d,1.0,Likely Real,account_status_30d=1.00 (IQR bounds: 0.00-0.00),flagged
1537,account_status_30d,1.0,Likely Real,account_status_30d=1.00 (IQR bounds: 0.00-0.00),flagged
1543,account_status_30d,1.0,Likely Real,account_status_30d=1.00 (IQR bounds: 0.00-0.00),flagged
1545,account_status_30d,1.0,Likely Real,account_status_30d=1.00 (IQR bounds: 0.00-0.00),flagged
1550,account_status_30d,1.0,Likely Real,account_status_30d=1.00 (IQR bounds: 0.00-0.00),flagged
1551,account_status_30d,1.0,Likely Real,account_status_30d=1.00 (IQR bounds: 0.00-0.00),flagged
1554,account_status_30d,1.0,Likely Real,account_status_30d=1.00 (IQR bounds: 0.00-0.00),flagged
1558,account_status_30d,1.0,Likely Real,account_status_30d=1.00 (IQR bounds: 0.00-0.00),flagged
1559,account_status_30d,1.0,Likely Real,account_status_30d=1.00 (IQR bounds: 0.00-0.00),flagged
1579,account_status_30d,1.0,Likely Real,account_status_30d=1.00 (IQR bounds: 0.00-0.00),flagged
1605,account_status_30d,1.0,Likely Real,account_status_30d=1.00 (IQR bounds: 0.00-0.00),flagged
1613,account_status_30d,1.0,Likely Real,account_status_30d=1.00 (IQR bounds: 0.00-0.00),flagged
1617,account_status_30d,1.0,Likely Real,account_status_30d=1.00 (IQR bounds: 0.00-0.00),flagged
1619,account_status_30d,1.0,Likely Real,account_status_30d=1.00 (IQR bounds: 0.00-0.00),flagged
1623,account_status_30d,1.0,Likely Real,account_status_30d=1.00 (IQR bounds: 0.00-0.00),flagged
1636,account_status_30d,1.0,Likely Real,account_status_30d=1.00 (IQR bounds: 0.00-0.00),flagged
1662,account_status_30d,1.0,Likely Real,account_status_30d=1.00 (IQR bounds: 0.00-0.00),flagged
1663,account_status_30d,1.0,Likely Real,account_status_30d=1.00 (IQR bounds: 0.00-0.00),flagged
1666,account_status_30d,1.0,Likely Real,account_status_30d=1.00 (IQR bounds: 0.00-0.00),flagged
1671,account_status_30d,1.0,Likely Real,account_status_30d=1.00 (IQR bounds: 0.00-0.00),flagged
1672,account_status_30d,1.0,Likely Real,account_status_30d=1.00 (IQR bounds: 0.00-0.00),flagged
1684,account_status_30d,1.0,Likely Real,account_status_30d=1.00 (IQR bounds: 0.00-0.00),flagged
1688,account_status_30d,1.0,Likely Real,account_status_30d=1.00 (IQR bounds: 0.00-0.00),flagged
1707,account_status_30d,1.0,Likely Real,account_status_30d=1.00 (IQR bounds: 0.00-0.00),flagged
1714,account_status_30d,1.0,Likely Real,account_status_30d=1.00 (IQR bounds: 0.00-0.00),flagged
1726,account_status_30d,1.0,Likely Real,account_status_30d=1.00 (IQR bounds: 0.00-0.00),flagged
1732,account_status_30d,1.0,Likely Real,account_status_30d=1.00 (IQR bounds: 0.00-0.00),flagged
1736,account_status_30d,1.0,Likely Real,account_status_30d=1.00 (IQR bounds: 0.00-0.00),flagged
1742,account_status_30d,1.0,Likely Real,account_status_30d=1.00 (IQR bounds: 0.00-0.00),flagged
1757,account_status_30d,1.0,Likely Real,account_status_30d=1.00 (IQR bounds: 0.00-0.00),flagged
1770,account_status_30d,1.0,Likely Real,account_status_30d=1.00 (IQR bounds: 0.00-0.00),flagged
1781,account_status_30d,1.0,Likely Real,account_status_30d=1.00 (IQR bounds: 0.00-0.00),flagged
1783,account_status_30d,1.0,Likely Real,account_status_30d=1.00 (IQR bounds: 0.00-0.00),flagged
1786,account_status_30d,1.0,Likely Real,account_status_30d=1.00 (IQR bounds: 0.00-0.00),flagged
1787,account_status_30d,1.0,Likely Real,account_status_30d=1.00 (IQR bounds: 0.00-0.00),flagged
1794,account_status_30d,1.0,Likely Real,account_status_30d=1.00 (IQR bounds: 0.00-0.00),flagged
1796,account_status_30d,1.0,Likely Real,account_status_30d=1.00 (IQR bounds: 0.00-0.00),flagged
1797,account_status_30d,1.0,Likely Real,account_status_30d=1.00 (IQR bounds: 0.00-0.00),flagged
1826,account_status_30d,1.0,Likely Real,account_status_30d=1.00 (IQR bounds: 0.00-0.00),flagged
1827,account_status_30d,1.0,Likely Real,account_status_30d=1.00 (IQR bounds: 0.00-0.00),flagged
1830,account_status_30d,1.0,Likely Real,account_status_30d=1.00 (IQR bounds: 0.00-0.00),flagged
1844,account_status_30d,1.0,Likely Real,account_status_30d=1.00 (IQR bounds: 0.00-0.00),flagged
1846,account_status_30d,1.0,Likely Real,account_status_30d=1.00 (IQR bounds: 0.00-0.00),flagged
1849,account_status_30d,1.0,Likely Real,account_status_30d=1.00 (IQR bounds: 0.00-0.00),flagged
1852,account_status_30d,1.0,Likely Real,account_status_30d=1.00 (IQR bounds: 0.00-0.00),flagged
1855,account_status_30d,1.0,Likely Real,account_status_30d=1.00 (IQR bounds: 0.00-0.00),flagged
1864,account_status_30d,1.0,Likely Real,account_status_30d=1.00 (IQR bounds: 0.00-0.00),flagged
1875,account_status_30d,1.0,Likely Real,account_status_30d=1.00 (IQR bounds: 0.00-0.00),flagged
1878,account_status_30d,1.0,Likely Real,account_status_30d=1.00 (IQR bounds: 0.00-0.00),flagged
1885,account_status_30d,1.0,Likely Real,account_status_30d=1.00 (IQR bounds: 0.00-0.00),flagged
1886,account_status_30d,1.0,Likely Real,account_status_30d=1.00 (IQR bounds: 0.00-0.00),flagged
1892,account_status_30d,1.0,Likely Real,account_status_30d=1.00 (IQR bounds: 0.00-0.00),flagged
1900,account_status_30d,1.0,Likely Real,account_status_30d=1.00 (IQR bounds: 0.00-0.00),flagged
1915,account_status_30d,1.0,Likely Real,account_status_30d=1.00 (IQR bounds: 0.00-0.00),flagged
1930,account_status_30d,1.0,Likely Real,account_status_30d=1.00 (IQR bounds: 0.00-0.00),flagged
1941,account_status_30d,1.0,Likely Real,account_status_30d=1.00 (IQR bounds: 0.00-0.00),flagged
1945,account_status_30d,1.0,Likely Real,account_status_30d=1.00 (IQR bounds: 0.00-0.00),flagged
1964,account_status_30d,1.0,Likely Real,account_status_30d=1.00 (IQR bounds: 0.00-0.00),flagged
1971,account_status_30d,1.0,Likely Real,account_status_30d=1.00 (IQR bounds: 0.00-0.00),flagged
1976,account_status_30d,1.0,Likely Real,account_status_30d=1.00 (IQR bounds: 0.00-0.00),flagged
1981,account_status_30d,1.0,Likely Real,account_status_30d=1.00 (IQR bounds: 0.00-0.00),flagged
1991,account_status_30d,1.0,Likely Real,account_status_30d=1.00 (IQR bounds: 0.00-0.00),flagged
1992,account_status_30d,1.0,Likely Real,account_status_30d=1.00 (IQR bounds: 0.00-0.00),flagged
1994,account_status_30d,1.0,Likely Real,account_status_30d=1.00 (IQR bounds: 0.00-0.00),flagged
1996,account_status_30d,1.0,Likely Real,account_status_30d=1.00 (IQR bounds: 0.00-0.00),flagged
2002,account_status_30d,1.0,Likely Real,account_status_30d=1.00 (IQR bounds: 0.00-0.00),flagged
2006,account_status_30d,1.0,Likely Real,account_status_30d=1.00 (IQR bounds: 0.00-0.00),flagged
2028,account_status_30d,1.0,Likely Real,account_status_30d=1.00 (IQR bounds: 0.00-0.00),flagged
2029,account_status_30d,1.0,Likely Real,account_status_30d=1.00 (IQR bounds: 0.00-0.00),flagged
2040,account_status_30d,1.0,Likely Real,account_status_30d=1.00 (IQR bounds: 0.00-0.00),flagged
2043,account_status_30d,1.0,Likely Real,account_status_30d=1.00 (IQR bounds: 0.00-0.00),flagged
2046,account_status_30d,1.0,Likely Real,account_status_30d=1.00 (IQR bounds: 0.00-0.00),flagged
2052,account_status_30d,1.0,Likely Real,account_status_30d=1.00 (IQR bounds: 0.00-0.00),flagged
2057,account_status_30d,1.0,Likely Real,account_status_30d=1.00 (IQR bounds: 0.00-0.00),flagged
2062,account_status_30d,1.0,Likely Real,account_status_30d=1.00 (IQR bounds: 0.00-0.00),flagged
2073,account_status_30d,1.0,Likely Real,account_status_30d=1.00 (IQR bounds: 0.00-0.00),flagged
2080,account_status_30d,1.0,Likely Real,account_status_30d=1.00 (IQR bounds: 0.00-0.00),flagged
2085,account_status_30d,1.0,Likely Real,account_status_30d=1.00 (IQR bounds: 0.00-0.00),flagged
2086,account_status_30d,1.0,Likely Real,account_status_30d=1.00 (IQR bounds: 0.00-0.00),flagged
2090,account_status_30d,1.0,Likely Real,account_status_30d=1.00 (IQR bounds: 0.00-0.00),flagged
2091,account_status_30d,1.0,Likely Real,account_status_30d=1.00 (IQR bounds: 0.00-0.00),flagged
2094,account_status_30d,1.0,Likely Real,account_status_30d=1.00 (IQR bounds: 0.00-0.00),flagged
2102,account_status_30d,1.0,Likely Real,account_status_30d=1.00 (IQR bounds: 0.00-0.00),flagged
2108,account_status_30d,1.0,Likely Real,account_status_30d=1.00 (IQR bounds: 0.00-0.00),flagged
2126,account_status_30d,1.0,Likely Real,account_status_30d=1.00 (IQR bounds: 0.00-0.00),flagged
2140,account_status_30d,1.0,Likely Real,account_status_30d=1.00 (IQR bounds: 0.00-0.00),flagged
2141,account_status_30d,1.0,Likely Real,account_status_30d=1.00 (IQR bounds: 0.00-0.00),flagged
2142,account_status_30d,1.0,Likely Real,account_status_30d=1.00 (IQR bounds: 0.00-0.00),flagged
2168,account_status_30d,1.0,Likely Real,account_status_30d=1.00 (IQR bounds: 0.00-0.00),flagged
2171,account_status_30d,1.0,Likely Real,account_status_30d=1.00 (IQR bounds: 0.00-0.00),flagged
2175,account_status_30d,1.0,Likely Real,account_status_30d=1.00 (IQR bounds: 0.00-0.00),flagged
2183,account_status_30d,1.0,Likely Real,account_status_30d=1.00 (IQR bounds: 0.00-0.00),flagged
2185,account_status_30d,1.0,Likely Real,account_status_30d=1.00 (IQR bounds: 0.00-0.00),flagged
2189,account_status_30d,1.0,Likely Real,account_status_30d=1.00 (IQR bounds: 0.00-0.00),flagged
2194,account_status_30d,1.0,Likely Real,account_status_30d=1.00 (IQR bounds: 0.00-0.00),flagged
2198,account_status_30d,1.0,Likely Real,account_status_30d=1.00 (IQR bounds: 0.00-0.00),flagged
2203,account_status_30d,1.0,Likely Real,account_status_30d=1.00 (IQR bounds: 0.00-0.00),flagged
2206,account_status_30d,1.0,Likely Real,account_status_30d=1.00 (IQR bounds: 0.00-0.00),flagged
2210,account_status_30d,1.0,Likely Real,account_status_30d=1.00 (IQR bounds: 0.00-0.00),flagged
2215,account_status_30d,1.0,Likely Real,account_status_30d=1.00 (IQR bounds: 0.00-0.00),flagged
2226,account_status_30d,1.0,Likely Real,account_status_30d=1.00 (IQR bounds: 0.00-0.00),flagged
