agent,file_index,content_length,first_200_chars
max,1,28540,"I'll read Eddie's report to understand what features he selected, then build on that to find deep patterns.  Let me start by reading Eddie's analysis.  <read_file path=""C:\Users\Amorntep\DATA-Agent\pr"
max,2,18399261,"order_id,customer_id,customer_state,customer_city,order_status,main_category,payment_value,payment_installments,payment_type,avg_review_score,has_comment,num_items,total_price,total_freight,delivery_d"
finn,1,3946,# Finn Feature Engineering Report  ## Overview - **Input**: C:\Users\Amorntep\DATA-Agent\projects\olist\output\max\max_output.csv - **Original Features**: 22 - **New Features Created**: 38 - **Final F
finn,2,38898936,"order_id,customer_id,customer_state,customer_city,order_status,main_category,payment_value,payment_installments,payment_type,avg_review_score,has_comment,num_items,total_price,total_freight,delivery_d"
mo,1,334,"I'll start by reading the data from Finn to understand what we're working with.  <functioncall> <invoke name=""read_file""> <parameter name=""file_path"" string=""true"">C:\Users\Amorntep\DATA-Agent\project"
iris,1,2098,Iris Chief Insight Report ========================== Date: 2026-04-25 19:15  Business Context: - Industry: E-commerce in Brazil (Olist Marketplace) - Current Trend: Brazilian e-commerce growing 20% Yo
iris,2,19176,"I'll analyze the Finn output data and generate business insights and recommendations. Let me start by reading the knowledge base and understanding the data.  ```python import argparse, os, pandas as p"
iris,3,2454,Iris Recommendations Report ============================= Date: 2026-04-25 19:15  Priority Recommendations:  - **High**: Implement customer segmentation-based marketing campaigns immediately   - Timel
iris,4,1240,Self-Improvement Report ======================= Date: 2026-04-25 19:15  Method Used: Business Context Analysis + Data-Driven Insight Generation Reason for Selection: Combines industry trend awareness 
iris,5,585,"title,detail,business_impact,action Revenue is Highly Concentrated Among Top Customers,Top 20% of customers contribute approximately 53% of total revenue,Losing top customers could cause 40-60% revenu"
vera,1,630,I need to first read the input files to understand what data and insights I'm working with. Let me check the available files.  <thinking> I need to read the Iris report first to understand what insigh
quinn,1,1968,# Quinn Quality Check Report  ## Project: Olist E-Commerce Analysis **Date:** 2026-04-25 19:16 **Status:** PASS  ---  ## Deliverables Inventory  ### DANA - CSV files: 1 - Reports: 1  ### EDDIE - Repor
